Start,Start,0,2025-02-14 02:41:02.958312
Initial Setup,Initial Setup,0.08909773826599121,2025-02-14 02:41:03.048095
Iter 0,Setup Elimination-Matrix,3.839400053024292,2025-02-14 02:41:06.889332
Iter 0,Enumeration Projection-Cone,1.6215875148773193,2025-02-14 02:41:08.511863
Iter 0,Build projected Cone,43.141188859939575,2025-02-14 02:41:51.654347
Iter 0,Redund projected Cone,1.4865148067474365,2025-02-14 02:41:53.141816
Iter 1,Setup Elimination-Matrix,0.05247926712036133,2025-02-14 02:41:53.251034
Iter 1,Enumeration Projection-Cone,1.46624755859375,2025-02-14 02:41:54.717886
Iter 1,Build projected Cone,35.78631854057312,2025-02-14 02:42:30.505222
Iter 1,Redund projected Cone,1.322723627090454,2025-02-14 02:42:31.828875
Iter 2,Setup Elimination-Matrix,0.04775643348693848,2025-02-14 02:42:31.947372
Iter 2,Enumeration Projection-Cone,1.3620736598968506,2025-02-14 02:42:33.310088
Iter 2,Build projected Cone,30.17163848876953,2025-02-14 02:43:03.482750
Iter 2,Redund projected Cone,1.4099197387695312,2025-02-14 02:43:04.894143
Iter 3,Setup Elimination-Matrix,0.04288482666015625,2025-02-14 02:43:04.990846
Iter 3,Enumeration Projection-Cone,1.5986039638519287,2025-02-14 02:43:06.590063
Iter 3,Build projected Cone,25.50854778289795,2025-02-14 02:43:32.099746
Iter 3,Redund projected Cone,1.260927677154541,2025-02-14 02:43:33.362273
Iter 4,Setup Elimination-Matrix,0.03800463676452637,2025-02-14 02:43:33.435824
Iter 4,Enumeration Projection-Cone,1.4614770412445068,2025-02-14 02:43:34.897911
Iter 4,Build projected Cone,20.74750804901123,2025-02-14 02:43:55.646703
Iter 4,Redund projected Cone,1.2087621688842773,2025-02-14 02:43:56.856403
Iter 5,Setup Elimination-Matrix,0.0338132381439209,2025-02-14 02:43:56.919170
Iter 5,Enumeration Projection-Cone,1.3463435173034668,2025-02-14 02:43:58.266184
Iter 5,Build projected Cone,17.000271320343018,2025-02-14 02:44:15.267544
Iter 5,Redund projected Cone,1.1454997062683105,2025-02-14 02:44:16.414093
Iter 6,Setup Elimination-Matrix,0.030687808990478516,2025-02-14 02:44:16.469899
Iter 6,Enumeration Projection-Cone,1.2856032848358154,2025-02-14 02:44:17.756173
Iter 6,Build projected Cone,14.401466608047485,2025-02-14 02:44:32.158833
Iter 6,Redund projected Cone,1.1558642387390137,2025-02-14 02:44:33.315976
Iter 7,Setup Elimination-Matrix,0.026331424713134766,2025-02-14 02:44:33.361329
Iter 7,Enumeration Projection-Cone,1.1921095848083496,2025-02-14 02:44:34.554086
Iter 7,Build projected Cone,10.88672161102295,2025-02-14 02:44:45.441867
Iter 7,Redund projected Cone,1.0886549949645996,2025-02-14 02:44:46.531601
Iter 8,Setup Elimination-Matrix,0.022740840911865234,2025-02-14 02:44:46.568813
Iter 8,Enumeration Projection-Cone,1.2383086681365967,2025-02-14 02:44:47.807736
Iter 8,Build projected Cone,9.53202223777771,2025-02-14 02:44:57.340834
Iter 8,Redund projected Cone,1.0775823593139648,2025-02-14 02:44:58.419557
Iter 9,Setup Elimination-Matrix,0.01936626434326172,2025-02-14 02:44:58.449728
Iter 9,Enumeration Projection-Cone,1.1645781993865967,2025-02-14 02:44:59.614946
Iter 9,Build projected Cone,6.954080820083618,2025-02-14 02:45:06.570017
Iter 9,Redund projected Cone,1.0598227977752686,2025-02-14 02:45:07.630786
Iter 10,Setup Elimination-Matrix,0.016910076141357422,2025-02-14 02:45:07.654353
Iter 10,Enumeration Projection-Cone,1.2494897842407227,2025-02-14 02:45:08.904506
Iter 10,Build projected Cone,7.9031524658203125,2025-02-14 02:45:16.808902
Iter 10,Redund projected Cone,1.0511665344238281,2025-02-14 02:45:17.861248
Iter 11,Setup Elimination-Matrix,0.013992547988891602,2025-02-14 02:45:17.878982
Iter 11,Enumeration Projection-Cone,0.8519601821899414,2025-02-14 02:45:18.731602
Iter 11,Build projected Cone,4.04009485244751,2025-02-14 02:45:22.772822
Iter 11,Redund projected Cone,1.0545578002929688,2025-02-14 02:45:23.828327
Iter 11,Enumerate projected Cone,1.6260297298431396,2025-02-14 02:45:25.455791
Iter 11,Redund proCEMs,12.285636901855469,2025-02-14 02:45:37.742138
End,End,1739497537.743961,2025-02-14 02:45:37.743973
