Start,Start,0,2025-02-14 03:54:25.495204
Initial Setup,Initial Setup,0.08811235427856445,2025-02-14 03:54:25.583989
Iter 0,Setup Elimination-Matrix,3.9979429244995117,2025-02-14 03:54:29.583781
Iter 0,Redund Projection-Cone,1.7738444805145264,2025-02-14 03:54:31.358484
Start,Start,0,2025-02-14 04:09:15.127978
Initial Setup,Initial Setup,0.08739376068115234,2025-02-14 04:09:15.216018
Iter 0,Setup Elimination-Matrix,3.9423279762268066,2025-02-14 04:09:19.159682
Iter 0,Redund Projection-Cone,1.7119114398956299,2025-02-14 04:09:20.872538
Start,Start,0,2025-02-14 04:14:07.048989
Initial Setup,Initial Setup,0.09349918365478516,2025-02-14 04:14:07.143155
Start,Start,0,2025-02-14 04:18:55.082952
Initial Setup,Initial Setup,0.08873486518859863,2025-02-14 04:18:55.172379
Iter 0,Setup Elimination-Matrix,4.037842273712158,2025-02-14 04:18:59.211590
Iter 0,Redund Projection-Cone,1.7559030055999756,2025-02-14 04:19:00.968263
Iter 0,Enumeration Projection-Cone,9199.224099636078,2025-02-14 06:52:20.193157
Iter 0,Redund Rays,0.23218941688537598,2025-02-14 06:52:20.426917
Iter 0,Build projected Cone,33.913060665130615,2025-02-14 06:52:54.341586
Iter 0,Redund projected Cone,1.3200955390930176,2025-02-14 06:52:55.662722
Iter 1,Setup Elimination-Matrix,0.031354665756225586,2025-02-14 06:52:55.736337
Iter 1,Redund Projection-Cone,1.424241542816162,2025-02-14 06:52:57.161319
