Start,Start,0,2025-02-14 02:46:09.417761
Initial Setup,Initial Setup,0.08783626556396484,2025-02-14 02:46:09.506371
Iter 0,Setup Elimination-Matrix,3.850388526916504,2025-02-14 02:46:13.358614
Iter 0,Enumeration Projection-Cone,1.4645683765411377,2025-02-14 02:46:14.824080
Iter 0,Build projected Cone,44.94013333320618,2025-02-14 02:46:59.765623
Iter 0,Redund projected Cone,1.5600717067718506,2025-02-14 02:47:01.326746
Iter 1,Setup Elimination-Matrix,0.057660579681396484,2025-02-14 02:47:01.446723
Iter 1,Enumeration Projection-Cone,1.5448558330535889,2025-02-14 02:47:02.992201
Iter 1,Build projected Cone,43.30086708068848,2025-02-14 02:47:46.294256
Iter 1,Redund projected Cone,1.5295343399047852,2025-02-14 02:47:47.824900
Iter 2,Setup Elimination-Matrix,0.05638432502746582,2025-02-14 02:47:47.943022
Iter 2,Enumeration Projection-Cone,1.388932228088379,2025-02-14 02:47:49.332561
Iter 2,Build projected Cone,41.48682999610901,2025-02-14 02:48:30.820460
Iter 2,Redund projected Cone,1.4672331809997559,2025-02-14 02:48:32.288589
Iter 3,Setup Elimination-Matrix,0.056149959564208984,2025-02-14 02:48:32.406511
Iter 3,Enumeration Projection-Cone,1.4447612762451172,2025-02-14 02:48:33.851952
Iter 3,Build projected Cone,40.79939889907837,2025-02-14 02:49:14.652519
Iter 3,Redund projected Cone,1.4605352878570557,2025-02-14 02:49:16.114527
Iter 4,Setup Elimination-Matrix,0.05473971366882324,2025-02-14 02:49:16.228139
Iter 4,Enumeration Projection-Cone,1.4958209991455078,2025-02-14 02:49:17.724595
Iter 4,Build projected Cone,39.31773829460144,2025-02-14 02:49:57.043472
Iter 4,Redund projected Cone,1.5090160369873047,2025-02-14 02:49:58.553734
Iter 5,Setup Elimination-Matrix,0.053679704666137695,2025-02-14 02:49:58.665708
Iter 5,Enumeration Projection-Cone,1.4577734470367432,2025-02-14 02:50:00.124206
Iter 5,Build projected Cone,38.3615403175354,2025-02-14 02:50:38.486949
Iter 5,Redund projected Cone,1.3783385753631592,2025-02-14 02:50:39.866278
Iter 6,Setup Elimination-Matrix,0.05245709419250488,2025-02-14 02:50:39.996869
Iter 6,Enumeration Projection-Cone,1.4254796504974365,2025-02-14 02:50:41.422985
Iter 6,Build projected Cone,37.589845180511475,2025-02-14 02:51:19.014018
Iter 6,Redund projected Cone,1.4334745407104492,2025-02-14 02:51:20.448577
Iter 7,Setup Elimination-Matrix,0.05107712745666504,2025-02-14 02:51:20.554179
Iter 7,Enumeration Projection-Cone,1.3624932765960693,2025-02-14 02:51:21.917322
Iter 7,Build projected Cone,35.807273864746094,2025-02-14 02:51:57.725720
Iter 7,Redund projected Cone,1.403787612915039,2025-02-14 02:51:59.130861
Iter 8,Setup Elimination-Matrix,0.04997420310974121,2025-02-14 02:51:59.233398
Iter 8,Enumeration Projection-Cone,1.3703837394714355,2025-02-14 02:52:00.604470
Iter 8,Build projected Cone,34.609360456466675,2025-02-14 02:52:35.215139
Iter 8,Redund projected Cone,1.481776237487793,2025-02-14 02:52:36.697912
Iter 9,Setup Elimination-Matrix,0.04904818534851074,2025-02-14 02:52:36.820661
Iter 9,Enumeration Projection-Cone,1.313544750213623,2025-02-14 02:52:38.134873
Iter 9,Build projected Cone,33.78069233894348,2025-02-14 02:53:11.916686
Iter 9,Redund projected Cone,1.4050168991088867,2025-02-14 02:53:13.322840
Iter 10,Setup Elimination-Matrix,0.04803776741027832,2025-02-14 02:53:13.419874
Iter 10,Enumeration Projection-Cone,1.3726227283477783,2025-02-14 02:53:14.793205
Iter 10,Build projected Cone,32.3340630531311,2025-02-14 02:53:47.128593
Iter 10,Redund projected Cone,1.2913002967834473,2025-02-14 02:53:48.421084
Iter 11,Setup Elimination-Matrix,0.05869436264038086,2025-02-14 02:53:48.528020
Iter 11,Enumeration Projection-Cone,1.2569854259490967,2025-02-14 02:53:49.785791
Iter 11,Build projected Cone,30.974815368652344,2025-02-14 02:54:20.761799
Iter 11,Redund projected Cone,1.3601264953613281,2025-02-14 02:54:22.123086
Iter 12,Setup Elimination-Matrix,0.04599928855895996,2025-02-14 02:54:22.215736
Iter 12,Enumeration Projection-Cone,1.3108375072479248,2025-02-14 02:54:23.527319
Iter 12,Build projected Cone,30.14682936668396,2025-02-14 02:54:53.675277
Iter 12,Redund projected Cone,1.3949379920959473,2025-02-14 02:54:55.071499
Iter 13,Setup Elimination-Matrix,0.04554390907287598,2025-02-14 02:54:55.161931
Iter 13,Enumeration Projection-Cone,1.293529748916626,2025-02-14 02:54:56.456115
Iter 13,Build projected Cone,29.12836456298828,2025-02-14 02:55:25.585707
Iter 13,Redund projected Cone,1.3465039730072021,2025-02-14 02:55:26.933436
Iter 14,Setup Elimination-Matrix,0.04470562934875488,2025-02-14 02:55:27.022049
Iter 14,Enumeration Projection-Cone,1.24027681350708,2025-02-14 02:55:28.262928
Iter 14,Build projected Cone,27.925899505615234,2025-02-14 02:55:56.190044
Iter 14,Redund projected Cone,1.2852473258972168,2025-02-14 02:55:57.476457
Iter 15,Setup Elimination-Matrix,0.04345583915710449,2025-02-14 02:55:57.583322
Iter 15,Enumeration Projection-Cone,1.2630794048309326,2025-02-14 02:55:58.846973
Iter 15,Build projected Cone,26.802873134613037,2025-02-14 02:56:25.650913
Iter 15,Redund projected Cone,1.2371275424957275,2025-02-14 02:56:26.889280
Iter 16,Setup Elimination-Matrix,0.04255485534667969,2025-02-14 02:56:26.992001
Iter 16,Enumeration Projection-Cone,1.2075896263122559,2025-02-14 02:56:28.200216
Iter 16,Build projected Cone,25.52111506462097,2025-02-14 02:56:53.722410
Iter 16,Redund projected Cone,1.1867845058441162,2025-02-14 02:56:54.910315
Iter 17,Setup Elimination-Matrix,0.04157590866088867,2025-02-14 02:56:55.010820
Iter 17,Enumeration Projection-Cone,1.1901030540466309,2025-02-14 02:56:56.201618
Iter 17,Build projected Cone,24.54424238204956,2025-02-14 02:57:20.746985
Iter 17,Redund projected Cone,1.2369520664215088,2025-02-14 02:57:21.985062
Iter 18,Setup Elimination-Matrix,0.03993844985961914,2025-02-14 02:57:22.082258
Iter 18,Enumeration Projection-Cone,1.321547508239746,2025-02-14 02:57:23.404472
Iter 18,Build projected Cone,23.643186569213867,2025-02-14 02:57:47.048897
Iter 18,Redund projected Cone,1.1890099048614502,2025-02-14 02:57:48.239193
Iter 19,Setup Elimination-Matrix,0.039630889892578125,2025-02-14 02:57:48.335071
Iter 19,Enumeration Projection-Cone,1.131986141204834,2025-02-14 02:57:49.467689
Iter 19,Build projected Cone,22.78488779067993,2025-02-14 02:58:12.253754
Iter 19,Redund projected Cone,1.1569406986236572,2025-02-14 02:58:13.411901
Iter 20,Setup Elimination-Matrix,0.038073062896728516,2025-02-14 02:58:13.514080
Iter 20,Enumeration Projection-Cone,1.3766326904296875,2025-02-14 02:58:14.891341
Iter 20,Build projected Cone,22.2085177898407,2025-02-14 02:58:37.100930
Iter 20,Redund projected Cone,1.1812937259674072,2025-02-14 02:58:38.283412
Iter 21,Setup Elimination-Matrix,0.03713703155517578,2025-02-14 02:58:38.354029
Iter 21,Enumeration Projection-Cone,1.2843198776245117,2025-02-14 02:58:39.639032
Iter 21,Build projected Cone,21.244532823562622,2025-02-14 02:59:00.884753
Iter 21,Redund projected Cone,1.1705033779144287,2025-02-14 02:59:02.056669
Iter 22,Setup Elimination-Matrix,0.03638887405395508,2025-02-14 02:59:02.125586
Iter 22,Enumeration Projection-Cone,1.2077109813690186,2025-02-14 02:59:03.334001
Iter 22,Build projected Cone,20.268946886062622,2025-02-14 02:59:23.604093
Iter 22,Redund projected Cone,1.2536816596984863,2025-02-14 02:59:24.858952
Iter 23,Setup Elimination-Matrix,0.035309553146362305,2025-02-14 02:59:24.924429
Iter 23,Enumeration Projection-Cone,1.2567119598388672,2025-02-14 02:59:26.181827
Iter 23,Build projected Cone,19.845529317855835,2025-02-14 02:59:46.028420
Iter 23,Redund projected Cone,1.311539888381958,2025-02-14 02:59:47.341097
Iter 24,Setup Elimination-Matrix,0.035167694091796875,2025-02-14 02:59:47.425111
Iter 24,Enumeration Projection-Cone,1.1981585025787354,2025-02-14 02:59:48.623944
Iter 24,Build projected Cone,18.954253435134888,2025-02-14 03:00:07.579320
Iter 24,Redund projected Cone,1.1776070594787598,2025-02-14 03:00:08.758104
Iter 25,Setup Elimination-Matrix,0.033817291259765625,2025-02-14 03:00:08.820898
Iter 25,Enumeration Projection-Cone,1.1176273822784424,2025-02-14 03:00:09.939276
Iter 25,Build projected Cone,18.16226100921631,2025-02-14 03:00:28.102707
Iter 25,Redund projected Cone,1.2018892765045166,2025-02-14 03:00:29.305688
Iter 26,Setup Elimination-Matrix,0.033356666564941406,2025-02-14 03:00:29.366296
Iter 26,Enumeration Projection-Cone,1.2064383029937744,2025-02-14 03:00:30.573354
Iter 26,Build projected Cone,17.38920569419861,2025-02-14 03:00:47.963608
Iter 26,Redund projected Cone,1.1817467212677002,2025-02-14 03:00:49.146430
Iter 27,Setup Elimination-Matrix,0.03240799903869629,2025-02-14 03:00:49.204322
Iter 27,Enumeration Projection-Cone,1.172084093093872,2025-02-14 03:00:50.376964
Iter 27,Build projected Cone,16.740670204162598,2025-02-14 03:01:07.118815
Iter 27,Redund projected Cone,1.2117831707000732,2025-02-14 03:01:08.331516
Iter 28,Setup Elimination-Matrix,0.031601905822753906,2025-02-14 03:01:08.388202
Iter 28,Enumeration Projection-Cone,1.1738312244415283,2025-02-14 03:01:09.562636
Iter 28,Build projected Cone,16.08065438270569,2025-02-14 03:01:25.644449
Iter 28,Redund projected Cone,1.1819798946380615,2025-02-14 03:01:26.827601
Iter 29,Setup Elimination-Matrix,0.03074336051940918,2025-02-14 03:01:26.882904
Iter 29,Enumeration Projection-Cone,1.055403232574463,2025-02-14 03:01:27.938945
Iter 29,Build projected Cone,15.637475490570068,2025-02-14 03:01:43.577597
Iter 29,Redund projected Cone,1.256333827972412,2025-02-14 03:01:44.834947
Iter 30,Setup Elimination-Matrix,0.029868602752685547,2025-02-14 03:01:44.887331
Iter 30,Enumeration Projection-Cone,1.1038818359375,2025-02-14 03:01:45.991820
Iter 30,Build projected Cone,14.799304008483887,2025-02-14 03:02:00.792093
Iter 30,Redund projected Cone,1.2291302680969238,2025-02-14 03:02:02.022560
Iter 31,Setup Elimination-Matrix,0.029407262802124023,2025-02-14 03:02:02.074579
Iter 31,Enumeration Projection-Cone,1.1931390762329102,2025-02-14 03:02:03.268375
Iter 31,Build projected Cone,14.216957569122314,2025-02-14 03:02:17.486602
Iter 31,Redund projected Cone,1.1673414707183838,2025-02-14 03:02:18.654990
Iter 32,Setup Elimination-Matrix,0.029279232025146484,2025-02-14 03:02:18.706646
Iter 32,Enumeration Projection-Cone,0.9675769805908203,2025-02-14 03:02:19.674997
Iter 32,Build projected Cone,13.679460763931274,2025-02-14 03:02:33.355445
Iter 32,Redund projected Cone,1.2665119171142578,2025-02-14 03:02:34.623312
Iter 33,Setup Elimination-Matrix,0.02778339385986328,2025-02-14 03:02:34.671165
Iter 33,Enumeration Projection-Cone,1.293745756149292,2025-02-14 03:02:35.965540
Iter 33,Build projected Cone,13.13771104812622,2025-02-14 03:02:49.104315
Iter 33,Redund projected Cone,1.1873717308044434,2025-02-14 03:02:50.292903
Iter 34,Setup Elimination-Matrix,0.02708911895751953,2025-02-14 03:02:50.338812
Iter 34,Enumeration Projection-Cone,0.9787802696228027,2025-02-14 03:02:51.318234
Iter 34,Build projected Cone,12.536541938781738,2025-02-14 03:03:03.855834
Iter 34,Redund projected Cone,1.2295749187469482,2025-02-14 03:03:05.086692
Iter 35,Setup Elimination-Matrix,0.026456832885742188,2025-02-14 03:03:05.131662
Iter 35,Enumeration Projection-Cone,1.1794416904449463,2025-02-14 03:03:06.311743
Iter 35,Build projected Cone,12.305967807769775,2025-02-14 03:03:18.618824
Iter 35,Redund projected Cone,1.1455130577087402,2025-02-14 03:03:19.765455
Iter 36,Setup Elimination-Matrix,0.025795936584472656,2025-02-14 03:03:19.807502
Iter 36,Enumeration Projection-Cone,0.922673225402832,2025-02-14 03:03:20.730851
Iter 36,Build projected Cone,11.452533483505249,2025-02-14 03:03:32.184519
Iter 36,Redund projected Cone,1.1826298236846924,2025-02-14 03:03:33.368407
Iter 37,Setup Elimination-Matrix,0.025195598602294922,2025-02-14 03:03:33.409779
Iter 37,Enumeration Projection-Cone,1.0913751125335693,2025-02-14 03:03:34.501902
Iter 37,Build projected Cone,11.21989130973816,2025-02-14 03:03:45.722874
Iter 37,Redund projected Cone,1.2005431652069092,2025-02-14 03:03:46.924801
Iter 38,Setup Elimination-Matrix,0.02423405647277832,2025-02-14 03:03:46.964758
Iter 38,Enumeration Projection-Cone,1.0696516036987305,2025-02-14 03:03:48.035172
Iter 38,Build projected Cone,10.528713703155518,2025-02-14 03:03:58.565181
Iter 38,Redund projected Cone,1.103062629699707,2025-02-14 03:03:59.669392
Iter 39,Setup Elimination-Matrix,0.023509740829467773,2025-02-14 03:03:59.707932
Iter 39,Enumeration Projection-Cone,0.9177658557891846,2025-02-14 03:04:00.626318
Iter 39,Build projected Cone,9.935362815856934,2025-02-14 03:04:10.562624
Iter 39,Redund projected Cone,1.220729112625122,2025-02-14 03:04:11.784352
Iter 40,Setup Elimination-Matrix,0.022998809814453125,2025-02-14 03:04:11.821441
Iter 40,Enumeration Projection-Cone,0.9081110954284668,2025-02-14 03:04:12.730189
Iter 40,Build projected Cone,9.728416681289673,2025-02-14 03:04:22.459694
Iter 40,Redund projected Cone,1.0760538578033447,2025-02-14 03:04:23.536998
Iter 41,Setup Elimination-Matrix,0.022304773330688477,2025-02-14 03:04:23.572610
Iter 41,Enumeration Projection-Cone,0.9784481525421143,2025-02-14 03:04:24.551733
Iter 41,Build projected Cone,9.109312772750854,2025-02-14 03:04:33.662043
Iter 41,Redund projected Cone,1.123431921005249,2025-02-14 03:04:34.786660
Iter 42,Setup Elimination-Matrix,0.021219491958618164,2025-02-14 03:04:34.819717
Iter 42,Enumeration Projection-Cone,1.0059030055999756,2025-02-14 03:04:35.826217
Iter 42,Build projected Cone,8.455524921417236,2025-02-14 03:04:44.282720
Iter 42,Redund projected Cone,1.1024391651153564,2025-02-14 03:04:45.386400
Iter 43,Setup Elimination-Matrix,0.021140336990356445,2025-02-14 03:04:45.418552
Iter 43,Enumeration Projection-Cone,0.9621109962463379,2025-02-14 03:04:46.381305
Iter 43,Build projected Cone,8.113470077514648,2025-02-14 03:04:54.495949
Iter 43,Redund projected Cone,1.1791269779205322,2025-02-14 03:04:55.676180
Iter 44,Setup Elimination-Matrix,0.020239591598510742,2025-02-14 03:04:55.706872
Iter 44,Enumeration Projection-Cone,1.0908088684082031,2025-02-14 03:04:56.798517
Iter 44,Build projected Cone,7.7167394161224365,2025-02-14 03:05:04.516281
Iter 44,Redund projected Cone,1.1848721504211426,2025-02-14 03:05:05.702461
Iter 45,Setup Elimination-Matrix,0.023012638092041016,2025-02-14 03:05:05.734819
Iter 45,Enumeration Projection-Cone,0.9808313846588135,2025-02-14 03:05:06.716383
Iter 45,Build projected Cone,7.250143527984619,2025-02-14 03:05:13.967666
Iter 45,Redund projected Cone,1.0661110877990723,2025-02-14 03:05:15.034890
Iter 46,Setup Elimination-Matrix,0.01946711540222168,2025-02-14 03:05:15.082370
Iter 46,Enumeration Projection-Cone,1.0798988342285156,2025-02-14 03:05:16.162919
Iter 46,Build projected Cone,7.000934362411499,2025-02-14 03:05:23.178063
Iter 46,Redund projected Cone,1.152489423751831,2025-02-14 03:05:24.331923
Iter 47,Setup Elimination-Matrix,0.018822431564331055,2025-02-14 03:05:24.358673
Iter 47,Enumeration Projection-Cone,1.0906476974487305,2025-02-14 03:05:25.449931
Iter 47,Build projected Cone,6.4367711544036865,2025-02-14 03:05:31.887773
Iter 47,Redund projected Cone,1.0518097877502441,2025-02-14 03:05:32.940870
Iter 48,Setup Elimination-Matrix,0.018181800842285156,2025-02-14 03:05:32.967356
Iter 48,Enumeration Projection-Cone,0.949488639831543,2025-02-14 03:05:33.917566
Iter 48,Build projected Cone,6.177090883255005,2025-02-14 03:05:40.095693
Iter 48,Redund projected Cone,1.0550546646118164,2025-02-14 03:05:41.151835
Iter 49,Setup Elimination-Matrix,0.017250776290893555,2025-02-14 03:05:41.176158
Iter 49,Enumeration Projection-Cone,0.8212411403656006,2025-02-14 03:05:41.998085
Iter 49,Build projected Cone,5.730210781097412,2025-02-14 03:05:47.729271
Iter 49,Redund projected Cone,1.1597685813903809,2025-02-14 03:05:48.890199
Iter 50,Setup Elimination-Matrix,0.017127513885498047,2025-02-14 03:05:48.914450
Iter 50,Enumeration Projection-Cone,1.0492990016937256,2025-02-14 03:05:49.964414
Iter 50,Build projected Cone,5.70489239692688,2025-02-14 03:05:55.670428
Iter 50,Redund projected Cone,1.0511643886566162,2025-02-14 03:05:56.722566
Iter 51,Setup Elimination-Matrix,0.016205549240112305,2025-02-14 03:05:56.744446
Iter 51,Enumeration Projection-Cone,0.9619381427764893,2025-02-14 03:05:57.707081
Iter 51,Build projected Cone,5.157001972198486,2025-02-14 03:06:02.865034
Iter 51,Redund projected Cone,1.0378937721252441,2025-02-14 03:06:03.904088
Iter 52,Setup Elimination-Matrix,0.0156404972076416,2025-02-14 03:06:03.925015
Iter 52,Enumeration Projection-Cone,1.0161538124084473,2025-02-14 03:06:04.941871
Iter 52,Build projected Cone,5.361310720443726,2025-02-14 03:06:10.305782
Iter 52,Redund projected Cone,1.004634141921997,2025-02-14 03:06:11.311491
Iter 53,Setup Elimination-Matrix,0.014840126037597656,2025-02-14 03:06:11.330719
Iter 53,Enumeration Projection-Cone,0.8560726642608643,2025-02-14 03:06:12.187357
Iter 53,Build projected Cone,4.298298358917236,2025-02-14 03:06:16.486639
Iter 53,Redund projected Cone,1.0677785873413086,2025-02-14 03:06:17.555311
Iter 54,Setup Elimination-Matrix,0.014492511749267578,2025-02-14 03:06:17.574094
Iter 54,Enumeration Projection-Cone,0.9115216732025146,2025-02-14 03:06:18.486260
Iter 54,Build projected Cone,4.386233568191528,2025-02-14 03:06:22.873444
Iter 54,Redund projected Cone,1.0811448097229004,2025-02-14 03:06:23.955762
Iter 55,Setup Elimination-Matrix,0.013931035995483398,2025-02-14 03:06:23.972574
Iter 55,Enumeration Projection-Cone,0.7704017162322998,2025-02-14 03:06:24.743586
Iter 55,Build projected Cone,3.868051290512085,2025-02-14 03:06:28.612528
Iter 55,Redund projected Cone,1.0434303283691406,2025-02-14 03:06:29.657110
Iter 55,Enumerate projected Cone,1.6856398582458496,2025-02-14 03:06:31.343988
Iter 55,Redund proCEMs,7.063262462615967,2025-02-14 03:06:38.407957
End,End,1739498798.4104218,2025-02-14 03:06:38.410435
