Start,Start,0,2025-02-14 03:07:10.250599
Initial Setup,Initial Setup,0.08732295036315918,2025-02-14 03:07:10.338665
Iter 0,Setup Elimination-Matrix,3.791969060897827,2025-02-14 03:07:14.132613
Iter 0,Enumeration Projection-Cone,1.6088132858276367,2025-02-14 03:07:15.742353
Iter 0,Build projected Cone,34.66565990447998,2025-02-14 03:07:50.409164
Iter 0,Redund projected Cone,1.3401308059692383,2025-02-14 03:07:51.750276
Iter 1,Setup Elimination-Matrix,0.04281306266784668,2025-02-14 03:07:51.834767
Iter 1,Enumeration Projection-Cone,1.7248752117156982,2025-02-14 03:07:53.560233
Iter 1,Build projected Cone,21.05583429336548,2025-02-14 03:08:14.617335
Iter 1,Redund projected Cone,1.128894329071045,2025-02-14 03:08:15.747307
Iter 2,Setup Elimination-Matrix,0.029577016830444336,2025-02-14 03:08:15.800753
Iter 2,Enumeration Projection-Cone,2.336503505706787,2025-02-14 03:08:18.137887
Iter 2,Build projected Cone,48.314452171325684,2025-02-14 03:09:06.453525
Iter 2,Redund projected Cone,3.138995409011841,2025-02-14 03:09:09.593589
Iter 3,Setup Elimination-Matrix,0.019880294799804688,2025-02-14 03:09:09.623500
Iter 3,Enumeration Projection-Cone,1.4387543201446533,2025-02-14 03:09:11.062835
Iter 3,Build projected Cone,6.764842987060547,2025-02-14 03:09:17.828744
Iter 3,Redund projected Cone,1.0369341373443604,2025-02-14 03:09:18.866784
Iter 3,Enumerate projected Cone,1.7829041481018066,2025-02-14 03:09:20.650825
Iter 3,Redund proCEMs,8.207417488098145,2025-02-14 03:09:28.858944
End,End,1739498968.8611546,2025-02-14 03:09:28.861170
