Start,Start,0,2025-02-14 10:23:44.628083
Initial Setup,Initial Setup,1.6051111221313477,2025-02-14 10:23:46.233961
Iter 0,Setup Elimination-Matrix,6.448286294937134,2025-02-14 10:23:52.698194
Iter 0,Enumeration Projection-Cone,1.047759771347046,2025-02-14 10:23:53.746752
Iter 0,Build projected Cone,5.1948933601379395,2025-02-14 10:23:58.942743
Iter 0,Redund projected Cone,1.3743841648101807,2025-02-14 10:24:00.317902
Iter 1,Setup Elimination-Matrix,0.015305757522583008,2025-02-14 10:24:00.354957
Iter 1,Enumeration Projection-Cone,0.9385631084442139,2025-02-14 10:24:01.294163
Iter 1,Build projected Cone,4.776376962661743,2025-02-14 10:24:06.071529
Iter 1,Redund projected Cone,1.3806052207946777,2025-02-14 10:24:07.453155
Iter 2,Setup Elimination-Matrix,0.015079975128173828,2025-02-14 10:24:07.488566
Iter 2,Enumeration Projection-Cone,0.9420440196990967,2025-02-14 10:24:08.431293
Iter 2,Build projected Cone,4.648988246917725,2025-02-14 10:24:13.081329
Iter 2,Redund projected Cone,1.387697696685791,2025-02-14 10:24:14.469885
Iter 3,Setup Elimination-Matrix,0.013977527618408203,2025-02-14 10:24:14.502944
Iter 3,Enumeration Projection-Cone,0.9788253307342529,2025-02-14 10:24:15.482409
Iter 3,Build projected Cone,4.19025182723999,2025-02-14 10:24:19.673634
Iter 3,Redund projected Cone,1.4628407955169678,2025-02-14 10:24:21.137390
Iter 4,Setup Elimination-Matrix,0.013499259948730469,2025-02-14 10:24:21.169706
Iter 4,Enumeration Projection-Cone,0.9568748474121094,2025-02-14 10:24:22.127271
Iter 4,Build projected Cone,3.93461275100708,2025-02-14 10:24:26.062912
Iter 4,Redund projected Cone,1.5931909084320068,2025-02-14 10:24:27.657087
Iter 5,Setup Elimination-Matrix,0.013060331344604492,2025-02-14 10:24:27.686655
Iter 5,Enumeration Projection-Cone,0.932563066482544,2025-02-14 10:24:28.619824
Iter 5,Build projected Cone,3.5245819091796875,2025-02-14 10:24:32.145327
Iter 5,Redund projected Cone,1.2769825458526611,2025-02-14 10:24:33.423308
Iter 6,Setup Elimination-Matrix,0.012550115585327148,2025-02-14 10:24:33.453182
Iter 6,Enumeration Projection-Cone,1.0278904438018799,2025-02-14 10:24:34.481752
Iter 6,Build projected Cone,3.311293840408325,2025-02-14 10:24:37.794078
Iter 6,Redund projected Cone,1.2086734771728516,2025-02-14 10:24:39.003641
Iter 7,Setup Elimination-Matrix,0.011984586715698242,2025-02-14 10:24:39.031553
Iter 7,Enumeration Projection-Cone,0.8571445941925049,2025-02-14 10:24:39.889450
Iter 7,Build projected Cone,3.0216972827911377,2025-02-14 10:24:42.912167
Iter 7,Redund projected Cone,1.2417058944702148,2025-02-14 10:24:44.154948
Iter 8,Setup Elimination-Matrix,0.011376380920410156,2025-02-14 10:24:44.181564
Iter 8,Enumeration Projection-Cone,0.9884774684906006,2025-02-14 10:24:45.170738
Iter 8,Build projected Cone,2.8147695064544678,2025-02-14 10:24:47.986667
Iter 8,Redund projected Cone,1.251413106918335,2025-02-14 10:24:49.238957
Iter 9,Setup Elimination-Matrix,0.01113128662109375,2025-02-14 10:24:49.264560
Iter 9,Enumeration Projection-Cone,1.0466625690460205,2025-02-14 10:24:50.311869
Iter 9,Build projected Cone,2.6412079334259033,2025-02-14 10:24:52.954083
Iter 9,Redund projected Cone,1.2414145469665527,2025-02-14 10:24:54.196318
Iter 10,Setup Elimination-Matrix,0.010383367538452148,2025-02-14 10:24:54.219901
Iter 10,Enumeration Projection-Cone,0.9786629676818848,2025-02-14 10:24:55.199216
Iter 10,Build projected Cone,2.5331451892852783,2025-02-14 10:24:57.733411
Iter 10,Redund projected Cone,1.2033898830413818,2025-02-14 10:24:58.937705
Iter 11,Setup Elimination-Matrix,0.009913921356201172,2025-02-14 10:24:58.959961
Iter 11,Enumeration Projection-Cone,0.8398969173431396,2025-02-14 10:24:59.800508
Iter 11,Build projected Cone,2.0602521896362305,2025-02-14 10:25:01.861874
Iter 11,Redund projected Cone,1.134577751159668,2025-02-14 10:25:02.997371
Iter 12,Setup Elimination-Matrix,0.009736776351928711,2025-02-14 10:25:03.018897
Iter 12,Enumeration Projection-Cone,0.8755099773406982,2025-02-14 10:25:03.895073
Iter 12,Build projected Cone,2.052400588989258,2025-02-14 10:25:05.948464
Iter 12,Redund projected Cone,1.162266731262207,2025-02-14 10:25:07.111623
Iter 13,Setup Elimination-Matrix,0.008887052536010742,2025-02-14 10:25:07.205559
Iter 13,Enumeration Projection-Cone,0.78696608543396,2025-02-14 10:25:07.993177
Iter 13,Build projected Cone,1.6820776462554932,2025-02-14 10:25:09.676230
Iter 13,Redund projected Cone,1.1917989253997803,2025-02-14 10:25:10.868947
Iter 14,Setup Elimination-Matrix,0.008440732955932617,2025-02-14 10:25:10.887589
Iter 14,Enumeration Projection-Cone,0.7659523487091064,2025-02-14 10:25:11.654215
Iter 14,Build projected Cone,1.4221172332763672,2025-02-14 10:25:13.077629
Iter 14,Redund projected Cone,1.0345721244812012,2025-02-14 10:25:14.113134
Iter 15,Setup Elimination-Matrix,0.008109092712402344,2025-02-14 10:25:14.131092
Iter 15,Enumeration Projection-Cone,0.8573818206787109,2025-02-14 10:25:14.989072
Iter 15,Build projected Cone,1.5899417400360107,2025-02-14 10:25:16.579936
Iter 15,Redund projected Cone,1.1396222114562988,2025-02-14 10:25:17.720429
Iter 16,Setup Elimination-Matrix,0.008127450942993164,2025-02-14 10:25:17.814834
Iter 16,Enumeration Projection-Cone,0.8423311710357666,2025-02-14 10:25:18.657765
Iter 16,Build projected Cone,1.2532334327697754,2025-02-14 10:25:19.911927
Iter 16,Redund projected Cone,1.1800949573516846,2025-02-14 10:25:21.092929
Iter 17,Setup Elimination-Matrix,0.007052183151245117,2025-02-14 10:25:21.108332
Iter 17,Enumeration Projection-Cone,0.7694618701934814,2025-02-14 10:25:21.878383
Iter 17,Build projected Cone,1.022892713546753,2025-02-14 10:25:22.902240
Iter 17,Redund projected Cone,1.055192232131958,2025-02-14 10:25:23.958264
Iter 18,Setup Elimination-Matrix,0.006771087646484375,2025-02-14 10:25:23.972540
Iter 18,Enumeration Projection-Cone,0.7661960124969482,2025-02-14 10:25:24.739447
Iter 18,Build projected Cone,1.1842548847198486,2025-02-14 10:25:25.924688
Iter 18,Redund projected Cone,1.2138969898223877,2025-02-14 10:25:27.139449
Iter 19,Setup Elimination-Matrix,0.00677037239074707,2025-02-14 10:25:27.153154
Iter 19,Enumeration Projection-Cone,0.729961633682251,2025-02-14 10:25:27.883812
Iter 19,Build projected Cone,0.9115085601806641,2025-02-14 10:25:28.796239
Iter 19,Redund projected Cone,1.0475165843963623,2025-02-14 10:25:29.844653
Iter 20,Setup Elimination-Matrix,0.0065155029296875,2025-02-14 10:25:29.858025
Iter 20,Enumeration Projection-Cone,0.8579225540161133,2025-02-14 10:25:30.716656
Iter 20,Build projected Cone,1.1153695583343506,2025-02-14 10:25:31.833060
Iter 20,Redund projected Cone,1.2483470439910889,2025-02-14 10:25:33.082399
Iter 21,Setup Elimination-Matrix,0.005946636199951172,2025-02-14 10:25:33.094512
Iter 21,Enumeration Projection-Cone,0.6602356433868408,2025-02-14 10:25:33.755386
Iter 21,Build projected Cone,0.6245181560516357,2025-02-14 10:25:34.380885
Iter 21,Redund projected Cone,1.0029189586639404,2025-02-14 10:25:35.384642
Iter 22,Setup Elimination-Matrix,0.005690574645996094,2025-02-14 10:25:35.395688
Iter 22,Enumeration Projection-Cone,0.775554895401001,2025-02-14 10:25:36.171930
Iter 22,Build projected Cone,1.0942301750183105,2025-02-14 10:25:37.267449
Iter 22,Redund projected Cone,1.2956390380859375,2025-02-14 10:25:38.563918
Iter 23,Setup Elimination-Matrix,0.005463838577270508,2025-02-14 10:25:38.574408
Iter 23,Enumeration Projection-Cone,0.7235746383666992,2025-02-14 10:25:39.298648
Iter 23,Build projected Cone,0.9500634670257568,2025-02-14 10:25:40.249777
Iter 23,Redund projected Cone,1.591125249862671,2025-02-14 10:25:41.841801
Iter 24,Setup Elimination-Matrix,0.004864692687988281,2025-02-14 10:25:41.851329
Iter 24,Enumeration Projection-Cone,0.6708798408508301,2025-02-14 10:25:42.522843
Iter 24,Build projected Cone,0.41483020782470703,2025-02-14 10:25:42.938720
Iter 24,Redund projected Cone,1.1144957542419434,2025-02-14 10:25:44.053998
Iter 25,Setup Elimination-Matrix,0.004773378372192383,2025-02-14 10:25:44.062910
Iter 25,Enumeration Projection-Cone,0.7120053768157959,2025-02-14 10:25:44.775613
Iter 25,Build projected Cone,0.5558202266693115,2025-02-14 10:25:45.332380
Iter 25,Redund projected Cone,1.1498081684112549,2025-02-14 10:25:46.483147
Iter 26,Setup Elimination-Matrix,0.004710674285888672,2025-02-14 10:25:46.491665
Iter 26,Enumeration Projection-Cone,0.6684169769287109,2025-02-14 10:25:47.160767
Iter 26,Build projected Cone,0.33179283142089844,2025-02-14 10:25:47.493603
Iter 26,Redund projected Cone,1.0431866645812988,2025-02-14 10:25:48.537729
Iter 27,Setup Elimination-Matrix,0.005197763442993164,2025-02-14 10:25:48.548039
Iter 27,Enumeration Projection-Cone,0.7360904216766357,2025-02-14 10:25:49.284810
Iter 27,Build projected Cone,0.41985321044921875,2025-02-14 10:25:49.705824
Iter 27,Redund projected Cone,1.1722164154052734,2025-02-14 10:25:50.878983
Iter 28,Setup Elimination-Matrix,0.004469633102416992,2025-02-14 10:25:50.887090
Iter 28,Enumeration Projection-Cone,0.7398183345794678,2025-02-14 10:25:51.627632
Iter 28,Build projected Cone,0.6762959957122803,2025-02-14 10:25:52.304894
Iter 28,Redund projected Cone,4.778440952301025,2025-02-14 10:25:57.084196
Iter 29,Setup Elimination-Matrix,0.004227399826049805,2025-02-14 10:25:57.091803
Iter 29,Enumeration Projection-Cone,0.767491340637207,2025-02-14 10:25:57.860182
Iter 29,Build projected Cone,0.5657238960266113,2025-02-14 10:25:58.427116
Iter 29,Redund projected Cone,1.6597416400909424,2025-02-14 10:26:00.087775
Iter 30,Setup Elimination-Matrix,0.003978252410888672,2025-02-14 10:26:00.094960
Iter 30,Enumeration Projection-Cone,0.8287813663482666,2025-02-14 10:26:00.924381
Iter 30,Build projected Cone,0.5264689922332764,2025-02-14 10:26:01.451828
Iter 30,Redund projected Cone,1.913498878479004,2025-02-14 10:26:03.366186
Iter 31,Setup Elimination-Matrix,0.003953695297241211,2025-02-14 10:26:03.373136
Iter 31,Enumeration Projection-Cone,0.9183275699615479,2025-02-14 10:26:04.292103
Iter 31,Build projected Cone,0.694284200668335,2025-02-14 10:26:04.987636
Iter 31,Redund projected Cone,618.0959358215332,2025-02-14 10:36:23.084461
Iter 32,Setup Elimination-Matrix,0.004221677780151367,2025-02-14 10:36:23.091366
Iter 32,Enumeration Projection-Cone,0.5550463199615479,2025-02-14 10:36:23.647032
Iter 32,Build projected Cone,0.10582709312438965,2025-02-14 10:36:23.753662
Iter 32,Redund projected Cone,1.2848825454711914,2025-02-14 10:36:25.039424
Iter 33,Setup Elimination-Matrix,0.0037500858306884766,2025-02-14 10:36:25.045696
Iter 33,Enumeration Projection-Cone,0.6765987873077393,2025-02-14 10:36:25.722960
Iter 33,Build projected Cone,0.17911553382873535,2025-02-14 10:36:25.902951
Iter 33,Redund projected Cone,29.367732524871826,2025-02-14 10:36:55.271493
Iter 34,Setup Elimination-Matrix,0.008481025695800781,2025-02-14 10:36:55.282614
Iter 34,Enumeration Projection-Cone,0.639864444732666,2025-02-14 10:36:55.923117
Iter 34,Build projected Cone,0.3226032257080078,2025-02-14 10:36:56.246611
Iter 34,Redund projected Cone,21.539597511291504,2025-02-14 10:37:17.787027
Iter 35,Setup Elimination-Matrix,0.006949663162231445,2025-02-14 10:37:17.814183
Iter 35,Enumeration Projection-Cone,0.5716662406921387,2025-02-14 10:37:18.386521
Iter 35,Build projected Cone,0.15111112594604492,2025-02-14 10:37:18.538573
Iter 35,Redund projected Cone,1.9424676895141602,2025-02-14 10:37:20.481949
Iter 35,Enumerate projected Cone,14.94046139717102,2025-02-14 10:37:35.423594
Iter 35,Redund proCEMs,0.952376127243042,2025-02-14 10:37:36.376711
Iter 35,Postprocessing proCEMs,0.4716367721557617,2025-02-14 10:37:36.849434
End,End,1739525856.8504097,2025-02-14 10:37:36.850444
