Start,Start,0,2025-02-14 03:10:53.769646
Initial Setup,Initial Setup,0.0905618667602539,2025-02-14 03:10:53.861007
Iter 0,Setup Elimination-Matrix,3.818763494491577,2025-02-14 03:10:57.681722
Iter 0,Enumeration Projection-Cone,2.7423367500305176,2025-02-14 03:11:00.425061
Iter 0,Build projected Cone,44.58800411224365,2025-02-14 03:11:45.014474
Iter 0,Redund projected Cone,1.5030951499938965,2025-02-14 03:11:46.518604
Iter 1,Setup Elimination-Matrix,0.02867436408996582,2025-02-14 03:11:46.555760
Iter 1,Enumeration Projection-Cone,1.8764026165008545,2025-02-14 03:11:48.432787
Iter 1,Build projected Cone,13.62080430984497,2025-02-14 03:12:02.054737
Iter 1,Redund projected Cone,1.1342811584472656,2025-02-14 03:12:03.189967
Iter 1,Enumerate projected Cone,2.6086723804473877,2025-02-14 03:12:05.799763
Iter 1,Redund proCEMs,10.300502061843872,2025-02-14 03:12:16.100925
End,End,1739499136.1039186,2025-02-14 03:12:16.103927
