Start,Start,0,2025-02-14 15:58:54.025299
Initial Setup,Initial Setup,1.6124203205108643,2025-02-14 15:58:55.638454
Iter 0,Setup Elimination-Matrix,6.4351255893707275,2025-02-14 15:59:02.089499
Iter 0,Redund Projection-Cone,1.1294403076171875,2025-02-14 15:59:03.219807
Iter 0,Enumeration Projection-Cone,1.0325117111206055,2025-02-14 15:59:04.253591
Iter 0,Redund Rays,0.13978815078735352,2025-02-14 15:59:04.394513
Iter 0,Build projected Cone,5.1872923374176025,2025-02-14 15:59:09.583284
Iter 0,Redund projected Cone,1.5613605976104736,2025-02-14 15:59:11.145645
Iter 1,Setup Elimination-Matrix,0.010905265808105469,2025-02-14 15:59:11.178689
Iter 1,Redund Projection-Cone,1.016176462173462,2025-02-14 15:59:12.195527
Iter 1,Enumeration Projection-Cone,1.0605216026306152,2025-02-14 15:59:13.257242
Iter 1,Redund Rays,0.0556490421295166,2025-02-14 15:59:13.314141
Iter 1,Build projected Cone,5.192211627960205,2025-02-14 15:59:18.507544
Iter 1,Redund projected Cone,1.381509780883789,2025-02-14 15:59:19.890173
Iter 2,Setup Elimination-Matrix,0.010657787322998047,2025-02-14 15:59:19.922729
Iter 2,Redund Projection-Cone,1.0528502464294434,2025-02-14 15:59:20.976187
Iter 2,Enumeration Projection-Cone,1.0220630168914795,2025-02-14 15:59:21.999451
Iter 2,Redund Rays,0.05401325225830078,2025-02-14 15:59:22.054499
Iter 2,Build projected Cone,4.796914339065552,2025-02-14 15:59:26.852694
Iter 2,Redund projected Cone,1.3930354118347168,2025-02-14 15:59:28.246896
Iter 3,Setup Elimination-Matrix,0.0108489990234375,2025-02-14 15:59:28.353774
Iter 3,Redund Projection-Cone,1.0473783016204834,2025-02-14 15:59:29.401858
Iter 3,Enumeration Projection-Cone,1.034973382949829,2025-02-14 15:59:30.438049
Iter 3,Redund Rays,0.05233335494995117,2025-02-14 15:59:30.491560
Iter 3,Build projected Cone,4.762099266052246,2025-02-14 15:59:35.254875
Iter 3,Redund projected Cone,1.320852518081665,2025-02-14 15:59:36.576644
Iter 4,Setup Elimination-Matrix,0.010438203811645508,2025-02-14 15:59:36.608260
Iter 4,Redund Projection-Cone,1.0699691772460938,2025-02-14 15:59:37.678896
Iter 4,Enumeration Projection-Cone,1.028900384902954,2025-02-14 15:59:38.708850
Iter 4,Redund Rays,0.051827192306518555,2025-02-14 15:59:38.761826
Iter 4,Build projected Cone,4.5976409912109375,2025-02-14 15:59:43.360659
Iter 4,Redund projected Cone,1.4779348373413086,2025-02-14 15:59:44.839752
Iter 5,Setup Elimination-Matrix,0.010157108306884766,2025-02-14 15:59:44.869748
Iter 5,Redund Projection-Cone,1.1216740608215332,2025-02-14 15:59:45.992137
Iter 5,Enumeration Projection-Cone,1.0108652114868164,2025-02-14 15:59:47.004210
Iter 5,Redund Rays,0.04990530014038086,2025-02-14 15:59:47.055355
Iter 5,Build projected Cone,4.320249795913696,2025-02-14 15:59:51.376831
Iter 5,Redund projected Cone,1.3140654563903809,2025-02-14 15:59:52.692161
Iter 6,Setup Elimination-Matrix,0.010336875915527344,2025-02-14 15:59:52.798647
Iter 6,Redund Projection-Cone,1.0787568092346191,2025-02-14 15:59:53.878098
Iter 6,Enumeration Projection-Cone,0.9841735363006592,2025-02-14 15:59:54.863441
Iter 6,Redund Rays,0.04999423027038574,2025-02-14 15:59:54.914500
Iter 6,Build projected Cone,4.3640851974487305,2025-02-14 15:59:59.279767
Iter 6,Redund projected Cone,1.5659434795379639,2025-02-14 16:00:00.847016
Iter 7,Setup Elimination-Matrix,0.009634733200073242,2025-02-14 16:00:00.876179
Iter 7,Redund Projection-Cone,1.0557749271392822,2025-02-14 16:00:01.932639
Iter 7,Enumeration Projection-Cone,1.1634480953216553,2025-02-14 16:00:03.097066
Iter 7,Redund Rays,0.04687190055847168,2025-02-14 16:00:03.145332
Iter 7,Build projected Cone,4.050795555114746,2025-02-14 16:00:07.197589
Iter 7,Redund projected Cone,1.330618143081665,2025-02-14 16:00:08.529465
Iter 8,Setup Elimination-Matrix,0.009352445602416992,2025-02-14 16:00:08.557462
Iter 8,Redund Projection-Cone,1.047853946685791,2025-02-14 16:00:09.605939
Iter 8,Enumeration Projection-Cone,1.0700230598449707,2025-02-14 16:00:10.677037
Iter 8,Redund Rays,0.04731488227844238,2025-02-14 16:00:10.725518
Iter 8,Build projected Cone,4.0281572341918945,2025-02-14 16:00:14.754836
Iter 8,Redund projected Cone,1.387159824371338,2025-02-14 16:00:16.143321
Iter 9,Setup Elimination-Matrix,0.009784460067749023,2025-02-14 16:00:16.249128
Iter 9,Redund Projection-Cone,1.1557643413543701,2025-02-14 16:00:17.405499
Iter 9,Enumeration Projection-Cone,1.0201027393341064,2025-02-14 16:00:18.426734
Iter 9,Redund Rays,0.044712066650390625,2025-02-14 16:00:18.472556
Iter 9,Build projected Cone,3.7254137992858887,2025-02-14 16:00:22.199275
Iter 9,Redund projected Cone,1.2450551986694336,2025-02-14 16:00:23.445449
Iter 10,Setup Elimination-Matrix,0.009004831314086914,2025-02-14 16:00:23.472400
Iter 10,Redund Projection-Cone,1.066208839416504,2025-02-14 16:00:24.539235
Iter 10,Enumeration Projection-Cone,1.012688159942627,2025-02-14 16:00:25.553067
Iter 10,Redund Rays,0.044351816177368164,2025-02-14 16:00:25.598625
Iter 10,Build projected Cone,3.63063383102417,2025-02-14 16:00:29.230365
Iter 10,Redund projected Cone,1.4330065250396729,2025-02-14 16:00:30.664351
Iter 11,Setup Elimination-Matrix,0.008827447891235352,2025-02-14 16:00:30.690249
Iter 11,Redund Projection-Cone,1.125586748123169,2025-02-14 16:00:31.816464
Iter 11,Enumeration Projection-Cone,0.991647481918335,2025-02-14 16:00:32.809284
Iter 11,Redund Rays,0.04280447959899902,2025-02-14 16:00:32.853305
Iter 11,Build projected Cone,3.5197622776031494,2025-02-14 16:00:36.374296
Iter 11,Redund projected Cone,1.328209400177002,2025-02-14 16:00:37.703519
Iter 12,Setup Elimination-Matrix,0.00897073745727539,2025-02-14 16:00:37.729383
Iter 12,Redund Projection-Cone,1.0214323997497559,2025-02-14 16:00:38.751499
Iter 12,Enumeration Projection-Cone,1.0477979183197021,2025-02-14 16:00:39.800500
Iter 12,Redund Rays,0.04106736183166504,2025-02-14 16:00:39.842712
Iter 12,Build projected Cone,3.4120066165924072,2025-02-14 16:00:43.255818
Iter 12,Redund projected Cone,1.188849925994873,2025-02-14 16:00:44.445641
Iter 13,Setup Elimination-Matrix,0.00848841667175293,2025-02-14 16:00:44.470438
Iter 13,Redund Projection-Cone,1.0379865169525146,2025-02-14 16:00:45.509105
Iter 13,Enumeration Projection-Cone,1.0567653179168701,2025-02-14 16:00:46.567128
Iter 13,Redund Rays,0.04096508026123047,2025-02-14 16:00:46.609230
Iter 13,Build projected Cone,3.2003514766693115,2025-02-14 16:00:49.810908
Iter 13,Redund projected Cone,1.3097188472747803,2025-02-14 16:00:51.121633
Iter 14,Setup Elimination-Matrix,0.00818943977355957,2025-02-14 16:00:51.145836
Iter 14,Redund Projection-Cone,1.0783610343933105,2025-02-14 16:00:52.224831
Iter 14,Enumeration Projection-Cone,1.0828657150268555,2025-02-14 16:00:53.308972
Iter 14,Redund Rays,0.11679720878601074,2025-02-14 16:00:53.426977
Iter 14,Build projected Cone,3.095586061477661,2025-02-14 16:00:56.523903
Iter 14,Redund projected Cone,1.1731255054473877,2025-02-14 16:00:57.698400
Iter 15,Setup Elimination-Matrix,0.008168220520019531,2025-02-14 16:00:57.722061
Iter 15,Redund Projection-Cone,1.0623645782470703,2025-02-14 16:00:58.785106
Iter 15,Enumeration Projection-Cone,1.0044004917144775,2025-02-14 16:00:59.790882
Iter 15,Redund Rays,0.04027676582336426,2025-02-14 16:00:59.832273
Iter 15,Build projected Cone,3.096301555633545,2025-02-14 16:01:02.929906
Iter 15,Redund projected Cone,1.1882343292236328,2025-02-14 16:01:04.119077
Iter 16,Setup Elimination-Matrix,0.007726430892944336,2025-02-14 16:01:04.142034
Iter 16,Redund Projection-Cone,1.0261456966400146,2025-02-14 16:01:05.168811
Iter 16,Enumeration Projection-Cone,1.1232900619506836,2025-02-14 16:01:06.293222
Iter 16,Redund Rays,0.11268901824951172,2025-02-14 16:01:06.407221
Iter 16,Build projected Cone,2.779228925704956,2025-02-14 16:01:09.187824
Iter 16,Redund projected Cone,1.199629306793213,2025-02-14 16:01:10.388680
Iter 17,Setup Elimination-Matrix,0.007733821868896484,2025-02-14 16:01:10.411444
Iter 17,Redund Projection-Cone,1.0619828701019287,2025-02-14 16:01:11.474092
Iter 17,Enumeration Projection-Cone,1.0165033340454102,2025-02-14 16:01:12.491775
Iter 17,Redund Rays,0.03638601303100586,2025-02-14 16:01:12.529239
Iter 17,Build projected Cone,2.7125937938690186,2025-02-14 16:01:15.242947
Iter 17,Redund projected Cone,1.196812629699707,2025-02-14 16:01:16.440849
Iter 18,Setup Elimination-Matrix,0.007572174072265625,2025-02-14 16:01:16.462727
Iter 18,Redund Projection-Cone,0.9982414245605469,2025-02-14 16:01:17.461586
Iter 18,Enumeration Projection-Cone,0.9714984893798828,2025-02-14 16:01:18.434329
Iter 18,Redund Rays,0.11514472961425781,2025-02-14 16:01:18.550611
Iter 18,Build projected Cone,2.6378285884857178,2025-02-14 16:01:21.189848
Iter 18,Redund projected Cone,1.15360689163208,2025-02-14 16:01:22.344432
Iter 19,Setup Elimination-Matrix,0.0073773860931396484,2025-02-14 16:01:22.365999
Iter 19,Redund Projection-Cone,1.0214543342590332,2025-02-14 16:01:23.388147
Iter 19,Enumeration Projection-Cone,0.9634766578674316,2025-02-14 16:01:24.352635
Iter 19,Redund Rays,0.03519797325134277,2025-02-14 16:01:24.389101
Iter 19,Build projected Cone,2.5218505859375,2025-02-14 16:01:26.912194
Iter 19,Redund projected Cone,1.0752673149108887,2025-02-14 16:01:27.988403
Iter 20,Setup Elimination-Matrix,0.0072956085205078125,2025-02-14 16:01:28.009961
Iter 20,Redund Projection-Cone,1.0126018524169922,2025-02-14 16:01:29.023201
Iter 20,Enumeration Projection-Cone,1.0616230964660645,2025-02-14 16:01:30.086044
Iter 20,Redund Rays,0.11154937744140625,2025-02-14 16:01:30.198744
Iter 20,Build projected Cone,2.4151651859283447,2025-02-14 16:01:32.615260
Iter 20,Redund projected Cone,1.182999849319458,2025-02-14 16:01:33.799404
Iter 21,Setup Elimination-Matrix,0.00702357292175293,2025-02-14 16:01:33.819377
Iter 21,Redund Projection-Cone,1.1158943176269531,2025-02-14 16:01:34.936018
Iter 21,Enumeration Projection-Cone,1.0056414604187012,2025-02-14 16:01:35.943095
Iter 21,Redund Rays,0.03291821479797363,2025-02-14 16:01:35.977284
Iter 21,Build projected Cone,2.320591449737549,2025-02-14 16:01:38.299031
Iter 21,Redund projected Cone,1.103008508682251,2025-02-14 16:01:39.402997
Iter 22,Setup Elimination-Matrix,0.007078409194946289,2025-02-14 16:01:39.423643
Iter 22,Redund Projection-Cone,1.0895576477050781,2025-02-14 16:01:40.513954
Iter 22,Enumeration Projection-Cone,0.9907102584838867,2025-02-14 16:01:41.505768
Iter 22,Redund Rays,0.032196998596191406,2025-02-14 16:01:41.539138
Iter 22,Build projected Cone,2.233546257019043,2025-02-14 16:01:43.773846
Iter 22,Redund projected Cone,1.1347572803497314,2025-02-14 16:01:44.909598
Iter 23,Setup Elimination-Matrix,0.006918668746948242,2025-02-14 16:01:44.928372
Iter 23,Redund Projection-Cone,1.013697624206543,2025-02-14 16:01:45.942804
Iter 23,Enumeration Projection-Cone,0.9776816368103027,2025-02-14 16:01:46.921620
Iter 23,Redund Rays,0.03502774238586426,2025-02-14 16:01:46.957813
Iter 23,Build projected Cone,2.35764741897583,2025-02-14 16:01:49.316650
Iter 23,Redund projected Cone,1.2750768661499023,2025-02-14 16:01:50.592698
Iter 24,Setup Elimination-Matrix,0.00676274299621582,2025-02-14 16:01:50.611478
Iter 24,Redund Projection-Cone,1.086371660232544,2025-02-14 16:01:51.698553
Iter 24,Enumeration Projection-Cone,0.9546182155609131,2025-02-14 16:01:52.654322
Iter 24,Redund Rays,0.03212928771972656,2025-02-14 16:01:52.687465
Iter 24,Build projected Cone,2.139597177505493,2025-02-14 16:01:54.828391
Iter 24,Redund projected Cone,1.2743749618530273,2025-02-14 16:01:56.103775
Iter 25,Setup Elimination-Matrix,0.006219625473022461,2025-02-14 16:01:56.121822
Iter 25,Redund Projection-Cone,0.9932544231414795,2025-02-14 16:01:57.115787
Iter 25,Enumeration Projection-Cone,1.0044035911560059,2025-02-14 16:01:58.121468
Iter 25,Redund Rays,0.11050677299499512,2025-02-14 16:01:58.233306
Iter 25,Build projected Cone,2.131316900253296,2025-02-14 16:02:00.366056
Iter 25,Redund projected Cone,1.3370530605316162,2025-02-14 16:02:01.704320
Iter 26,Setup Elimination-Matrix,0.006241321563720703,2025-02-14 16:02:01.722153
Iter 26,Redund Projection-Cone,1.1374845504760742,2025-02-14 16:02:02.860342
Iter 26,Enumeration Projection-Cone,1.0456595420837402,2025-02-14 16:02:03.906973
Iter 26,Redund Rays,0.030840396881103516,2025-02-14 16:02:03.939043
Iter 26,Build projected Cone,1.9852304458618164,2025-02-14 16:02:05.925521
Iter 26,Redund projected Cone,1.2471592426300049,2025-02-14 16:02:07.173683
Iter 27,Setup Elimination-Matrix,0.005940437316894531,2025-02-14 16:02:07.190542
Iter 27,Redund Projection-Cone,1.0142285823822021,2025-02-14 16:02:08.205411
Iter 27,Enumeration Projection-Cone,1.1080520153045654,2025-02-14 16:02:09.314759
Iter 27,Redund Rays,0.026297569274902344,2025-02-14 16:02:09.342262
Iter 27,Build projected Cone,1.6549887657165527,2025-02-14 16:02:10.998406
Iter 27,Redund projected Cone,1.181192398071289,2025-02-14 16:02:12.180599
Iter 28,Setup Elimination-Matrix,0.005921125411987305,2025-02-14 16:02:12.196613
Iter 28,Redund Projection-Cone,1.103882074356079,2025-02-14 16:02:13.301294
Iter 28,Enumeration Projection-Cone,1.0360400676727295,2025-02-14 16:02:14.338528
Iter 28,Redund Rays,0.025824546813964844,2025-02-14 16:02:14.365583
Iter 28,Build projected Cone,1.611457109451294,2025-02-14 16:02:15.978188
Iter 28,Redund projected Cone,1.0643317699432373,2025-02-14 16:02:17.043418
Iter 29,Setup Elimination-Matrix,0.005647897720336914,2025-02-14 16:02:17.059715
Iter 29,Redund Projection-Cone,1.010197401046753,2025-02-14 16:02:18.070574
Iter 29,Enumeration Projection-Cone,1.0859417915344238,2025-02-14 16:02:19.157557
Iter 29,Redund Rays,0.026911497116088867,2025-02-14 16:02:19.185657
Iter 29,Build projected Cone,1.6238086223602295,2025-02-14 16:02:20.810730
Iter 29,Redund projected Cone,1.249875783920288,2025-02-14 16:02:22.061770
Iter 30,Setup Elimination-Matrix,0.005607128143310547,2025-02-14 16:02:22.077549
Iter 30,Redund Projection-Cone,1.1355669498443604,2025-02-14 16:02:23.213739
Iter 30,Enumeration Projection-Cone,1.0191843509674072,2025-02-14 16:02:24.234289
Iter 30,Redund Rays,0.02564382553100586,2025-02-14 16:02:24.261033
Iter 30,Build projected Cone,1.5383906364440918,2025-02-14 16:02:25.800705
Iter 30,Redund projected Cone,1.2649204730987549,2025-02-14 16:02:27.066604
Iter 31,Setup Elimination-Matrix,0.005394935607910156,2025-02-14 16:02:27.080856
Iter 31,Redund Projection-Cone,1.0078389644622803,2025-02-14 16:02:28.089389
Iter 31,Enumeration Projection-Cone,1.0750317573547363,2025-02-14 16:02:29.165733
Iter 31,Redund Rays,0.026294231414794922,2025-02-14 16:02:29.193232
Iter 31,Build projected Cone,1.543349027633667,2025-02-14 16:02:30.737988
Iter 31,Redund projected Cone,1.1103999614715576,2025-02-14 16:02:31.849444
Iter 32,Setup Elimination-Matrix,0.005256175994873047,2025-02-14 16:02:31.863953
Iter 32,Redund Projection-Cone,1.011303424835205,2025-02-14 16:02:32.875889
Iter 32,Enumeration Projection-Cone,1.0390052795410156,2025-02-14 16:02:33.916019
Iter 32,Redund Rays,0.022380590438842773,2025-02-14 16:02:33.939564
Iter 32,Build projected Cone,1.3064792156219482,2025-02-14 16:02:35.247143
Iter 32,Redund projected Cone,1.0829339027404785,2025-02-14 16:02:36.330957
Iter 33,Setup Elimination-Matrix,0.005261898040771484,2025-02-14 16:02:36.345268
Iter 33,Redund Projection-Cone,0.9873607158660889,2025-02-14 16:02:37.333492
Iter 33,Enumeration Projection-Cone,0.9957308769226074,2025-02-14 16:02:38.330509
Iter 33,Redund Rays,0.02129507064819336,2025-02-14 16:02:38.352980
Iter 33,Build projected Cone,1.2440447807312012,2025-02-14 16:02:39.598243
Iter 33,Redund projected Cone,1.0524985790252686,2025-02-14 16:02:40.651614
Iter 34,Setup Elimination-Matrix,0.005162477493286133,2025-02-14 16:02:40.665650
Iter 34,Redund Projection-Cone,1.033287763595581,2025-02-14 16:02:41.699560
Iter 34,Enumeration Projection-Cone,0.9884629249572754,2025-02-14 16:02:42.689209
Iter 34,Redund Rays,0.09900164604187012,2025-02-14 16:02:42.789361
Iter 34,Build projected Cone,1.3342852592468262,2025-02-14 16:02:44.124949
Iter 34,Redund projected Cone,1.2543683052062988,2025-02-14 16:02:45.380190
Iter 35,Setup Elimination-Matrix,0.005013942718505859,2025-02-14 16:02:45.393469
Iter 35,Redund Projection-Cone,1.0034353733062744,2025-02-14 16:02:46.397563
Iter 35,Enumeration Projection-Cone,1.0642211437225342,2025-02-14 16:02:47.462881
Iter 35,Redund Rays,0.02017664909362793,2025-02-14 16:02:47.484078
Iter 35,Build projected Cone,1.1069715023040771,2025-02-14 16:02:48.592319
Iter 35,Redund projected Cone,1.0534999370574951,2025-02-14 16:02:49.646646
Iter 36,Setup Elimination-Matrix,0.004791259765625,2025-02-14 16:02:49.659156
Iter 36,Redund Projection-Cone,0.9676756858825684,2025-02-14 16:02:50.627425
Iter 36,Enumeration Projection-Cone,1.0545077323913574,2025-02-14 16:02:51.683053
Iter 36,Redund Rays,0.019425630569458008,2025-02-14 16:02:51.703543
Iter 36,Build projected Cone,1.0335054397583008,2025-02-14 16:02:52.738114
Iter 36,Redund projected Cone,1.0368213653564453,2025-02-14 16:02:53.776159
Iter 37,Setup Elimination-Matrix,0.004720211029052734,2025-02-14 16:02:53.788742
Iter 37,Redund Projection-Cone,0.970282793045044,2025-02-14 16:02:54.759674
Iter 37,Enumeration Projection-Cone,0.9943332672119141,2025-02-14 16:02:55.755230
Iter 37,Redund Rays,0.019156217575073242,2025-02-14 16:02:55.775531
Iter 37,Build projected Cone,1.020848274230957,2025-02-14 16:02:56.797468
Iter 37,Redund projected Cone,1.0753517150878906,2025-02-14 16:02:57.873905
Iter 38,Setup Elimination-Matrix,0.004369258880615234,2025-02-14 16:02:57.885618
Iter 38,Redund Projection-Cone,1.028806209564209,2025-02-14 16:02:58.915027
Iter 38,Enumeration Projection-Cone,0.9783980846405029,2025-02-14 16:02:59.894572
Iter 38,Redund Rays,0.09751558303833008,2025-02-14 16:02:59.993207
Iter 38,Build projected Cone,1.188962697982788,2025-02-14 16:03:01.183506
Iter 38,Redund projected Cone,1.1321089267730713,2025-02-14 16:03:02.316726
Iter 39,Setup Elimination-Matrix,0.0042536258697509766,2025-02-14 16:03:02.328305
Iter 39,Redund Projection-Cone,0.9902238845825195,2025-02-14 16:03:03.319244
Iter 39,Enumeration Projection-Cone,1.1518468856811523,2025-02-14 16:03:04.472193
Iter 39,Redund Rays,0.0210568904876709,2025-02-14 16:03:04.494574
Iter 39,Build projected Cone,1.1057043075561523,2025-02-14 16:03:05.601405
Iter 39,Redund projected Cone,1.3613102436065674,2025-02-14 16:03:06.963612
Iter 40,Setup Elimination-Matrix,0.0041446685791015625,2025-02-14 16:03:06.974682
Iter 40,Redund Projection-Cone,0.9760622978210449,2025-02-14 16:03:07.951511
Iter 40,Enumeration Projection-Cone,1.0640549659729004,2025-02-14 16:03:09.016745
Iter 40,Redund Rays,0.016369104385375977,2025-02-14 16:03:09.034268
Iter 40,Build projected Cone,0.8128695487976074,2025-02-14 16:03:09.848226
Iter 40,Redund projected Cone,1.0222835540771484,2025-02-14 16:03:10.871450
Iter 41,Setup Elimination-Matrix,0.004130363464355469,2025-02-14 16:03:10.882169
Iter 41,Redund Projection-Cone,1.004859447479248,2025-02-14 16:03:11.887782
Iter 41,Enumeration Projection-Cone,1.001598596572876,2025-02-14 16:03:12.890490
Iter 41,Redund Rays,0.0162656307220459,2025-02-14 16:03:12.907896
Iter 41,Build projected Cone,0.7883291244506836,2025-02-14 16:03:13.697316
Iter 41,Redund projected Cone,1.0894675254821777,2025-02-14 16:03:14.787685
Iter 42,Setup Elimination-Matrix,0.004048585891723633,2025-02-14 16:03:14.797869
Iter 42,Redund Projection-Cone,1.008650541305542,2025-02-14 16:03:15.807173
Iter 42,Enumeration Projection-Cone,1.090529441833496,2025-02-14 16:03:16.898886
Iter 42,Redund Rays,0.016242504119873047,2025-02-14 16:03:16.916354
Iter 42,Build projected Cone,0.851128101348877,2025-02-14 16:03:17.768840
Iter 42,Redund projected Cone,1.0569841861724854,2025-02-14 16:03:18.826746
Iter 43,Setup Elimination-Matrix,0.003980875015258789,2025-02-14 16:03:18.836963
Iter 43,Redund Projection-Cone,1.023451328277588,2025-02-14 16:03:19.861140
Iter 43,Enumeration Projection-Cone,0.9897754192352295,2025-02-14 16:03:20.852272
Iter 43,Redund Rays,0.013474702835083008,2025-02-14 16:03:20.866999
Iter 43,Build projected Cone,0.6337592601776123,2025-02-14 16:03:21.501865
Iter 43,Redund projected Cone,1.0647597312927246,2025-02-14 16:03:22.567481
Iter 44,Setup Elimination-Matrix,0.004053592681884766,2025-02-14 16:03:22.577492
Iter 44,Redund Projection-Cone,0.972179651260376,2025-02-14 16:03:23.550366
Iter 44,Enumeration Projection-Cone,0.9921503067016602,2025-02-14 16:03:24.543661
Iter 44,Redund Rays,0.013044357299804688,2025-02-14 16:03:24.557816
Iter 44,Build projected Cone,0.584686279296875,2025-02-14 16:03:25.143585
Iter 44,Redund projected Cone,1.0970547199249268,2025-02-14 16:03:26.241635
Iter 45,Setup Elimination-Matrix,0.0035190582275390625,2025-02-14 16:03:26.250613
Iter 45,Redund Projection-Cone,0.9951171875,2025-02-14 16:03:27.246382
Iter 45,Enumeration Projection-Cone,0.9884791374206543,2025-02-14 16:03:28.235958
Iter 45,Redund Rays,0.017656803131103516,2025-02-14 16:03:28.254820
Iter 45,Build projected Cone,0.7906575202941895,2025-02-14 16:03:29.046601
Iter 45,Redund projected Cone,1.1209282875061035,2025-02-14 16:03:30.168436
Iter 46,Setup Elimination-Matrix,0.0036432743072509766,2025-02-14 16:03:30.178473
Iter 46,Redund Projection-Cone,0.9728009700775146,2025-02-14 16:03:31.168321
Iter 46,Enumeration Projection-Cone,0.9493498802185059,2025-02-14 16:03:32.118886
Iter 46,Redund Rays,0.01365351676940918,2025-02-14 16:03:32.133760
Iter 46,Build projected Cone,0.5804367065429688,2025-02-14 16:03:32.715437
Iter 46,Redund projected Cone,1.0601513385772705,2025-02-14 16:03:33.776503
Iter 47,Setup Elimination-Matrix,0.0034258365631103516,2025-02-14 16:03:33.785193
Iter 47,Redund Projection-Cone,1.001096487045288,2025-02-14 16:03:34.787012
Iter 47,Enumeration Projection-Cone,0.993706464767456,2025-02-14 16:03:35.781864
Iter 47,Redund Rays,0.01218867301940918,2025-02-14 16:03:35.795093
Iter 47,Build projected Cone,0.5138139724731445,2025-02-14 16:03:36.309974
Iter 47,Redund projected Cone,1.0099687576293945,2025-02-14 16:03:37.320704
Iter 48,Setup Elimination-Matrix,0.0033020973205566406,2025-02-14 16:03:37.328776
Iter 48,Redund Projection-Cone,0.9672930240631104,2025-02-14 16:03:38.296712
Iter 48,Enumeration Projection-Cone,1.0324795246124268,2025-02-14 16:03:39.330422
Iter 48,Redund Rays,0.010467052459716797,2025-02-14 16:03:39.341982
Iter 48,Build projected Cone,0.49223923683166504,2025-02-14 16:03:39.835490
Iter 48,Redund projected Cone,1.0147387981414795,2025-02-14 16:03:40.851243
Iter 49,Setup Elimination-Matrix,0.0032389163970947266,2025-02-14 16:03:40.859219
Iter 49,Redund Projection-Cone,1.064561367034912,2025-02-14 16:03:41.924447
Iter 49,Enumeration Projection-Cone,0.9705865383148193,2025-02-14 16:03:42.896301
Iter 49,Redund Rays,0.014861345291137695,2025-02-14 16:03:42.912270
Iter 49,Build projected Cone,0.6103785037994385,2025-02-14 16:03:43.523775
Iter 49,Redund projected Cone,1.0548033714294434,2025-02-14 16:03:44.579467
Iter 50,Setup Elimination-Matrix,0.00323486328125,2025-02-14 16:03:44.587135
Iter 50,Redund Projection-Cone,1.0029418468475342,2025-02-14 16:03:45.590706
Iter 50,Enumeration Projection-Cone,1.044590950012207,2025-02-14 16:03:46.636371
Iter 50,Redund Rays,0.020061969757080078,2025-02-14 16:03:46.657574
Iter 50,Build projected Cone,0.8089776039123535,2025-02-14 16:03:47.467834
Iter 50,Redund projected Cone,1.2862932682037354,2025-02-14 16:03:48.755006
Iter 51,Setup Elimination-Matrix,0.003240823745727539,2025-02-14 16:03:48.763224
Iter 51,Redund Projection-Cone,0.9795272350311279,2025-02-14 16:03:49.743451
Iter 51,Enumeration Projection-Cone,1.045013189315796,2025-02-14 16:03:50.789538
Iter 51,Redund Rays,0.016895771026611328,2025-02-14 16:03:50.807680
Iter 51,Build projected Cone,0.6719446182250977,2025-02-14 16:03:51.480786
Iter 51,Redund projected Cone,1.291557788848877,2025-02-14 16:03:52.773382
Iter 52,Setup Elimination-Matrix,0.002905130386352539,2025-02-14 16:03:52.780743
Iter 52,Redund Projection-Cone,1.0048856735229492,2025-02-14 16:03:53.786431
Iter 52,Enumeration Projection-Cone,1.0179224014282227,2025-02-14 16:03:54.805608
Iter 52,Redund Rays,0.023767471313476562,2025-02-14 16:03:54.830604
Iter 52,Build projected Cone,0.9318866729736328,2025-02-14 16:03:55.763828
Iter 52,Redund projected Cone,1.8872416019439697,2025-02-14 16:03:57.652098
Iter 53,Setup Elimination-Matrix,0.0026857852935791016,2025-02-14 16:03:57.658851
Iter 53,Redund Projection-Cone,0.9777226448059082,2025-02-14 16:03:58.637232
Iter 53,Enumeration Projection-Cone,0.9905686378479004,2025-02-14 16:03:59.628888
Iter 53,Redund Rays,0.018796443939208984,2025-02-14 16:03:59.648887
Iter 53,Build projected Cone,0.7197427749633789,2025-02-14 16:04:00.369908
Iter 53,Redund projected Cone,1.685171365737915,2025-02-14 16:04:02.055893
Iter 54,Setup Elimination-Matrix,0.0027806758880615234,2025-02-14 16:04:02.062856
Iter 54,Redund Projection-Cone,1.059617280960083,2025-02-14 16:04:03.123098
Iter 54,Enumeration Projection-Cone,1.0688135623931885,2025-02-14 16:04:04.192970
Iter 54,Redund Rays,0.012922286987304688,2025-02-14 16:04:04.207053
Iter 54,Build projected Cone,0.47913503646850586,2025-02-14 16:04:04.687328
Iter 54,Redund projected Cone,1.216196060180664,2025-02-14 16:04:05.904374
Iter 55,Setup Elimination-Matrix,0.002429962158203125,2025-02-14 16:04:05.910470
Iter 55,Redund Projection-Cone,1.0969617366790771,2025-02-14 16:04:07.007988
Iter 55,Enumeration Projection-Cone,0.9799449443817139,2025-02-14 16:04:07.989051
Iter 55,Redund Rays,0.006593227386474609,2025-02-14 16:04:07.996711
Iter 55,Build projected Cone,0.21490192413330078,2025-02-14 16:04:08.212800
Iter 55,Redund projected Cone,1.0340697765350342,2025-02-14 16:04:09.247612
Iter 56,Setup Elimination-Matrix,0.0024666786193847656,2025-02-14 16:04:09.253606
Iter 56,Redund Projection-Cone,0.9248394966125488,2025-02-14 16:04:10.179091
Iter 56,Enumeration Projection-Cone,0.9747204780578613,2025-02-14 16:04:11.154898
Iter 56,Redund Rays,0.016115665435791016,2025-02-14 16:04:11.172168
Iter 56,Build projected Cone,0.518883466720581,2025-02-14 16:04:11.710438
Iter 56,Redund projected Cone,1.455998420715332,2025-02-14 16:04:13.167336
Iter 57,Setup Elimination-Matrix,0.002536773681640625,2025-02-14 16:04:13.173886
Iter 57,Redund Projection-Cone,0.9821944236755371,2025-02-14 16:04:14.156838
Iter 57,Enumeration Projection-Cone,1.0560472011566162,2025-02-14 16:04:15.214038
Iter 57,Redund Rays,0.008070945739746094,2025-02-14 16:04:15.223181
Iter 57,Build projected Cone,0.2586698532104492,2025-02-14 16:04:15.482932
Iter 57,Redund projected Cone,1.0594394207000732,2025-02-14 16:04:16.543142
Iter 58,Setup Elimination-Matrix,0.0025658607482910156,2025-02-14 16:04:16.548877
Iter 58,Redund Projection-Cone,1.002945899963379,2025-02-14 16:04:17.552470
Iter 58,Enumeration Projection-Cone,1.0697145462036133,2025-02-14 16:04:18.623259
Iter 58,Redund Rays,0.005436897277832031,2025-02-14 16:04:18.629724
Iter 58,Build projected Cone,0.1620314121246338,2025-02-14 16:04:18.792852
Iter 58,Redund projected Cone,0.9964182376861572,2025-02-14 16:04:19.790176
Iter 59,Setup Elimination-Matrix,0.0023360252380371094,2025-02-14 16:04:19.795774
Iter 59,Redund Projection-Cone,0.9828996658325195,2025-02-14 16:04:20.779364
Iter 59,Enumeration Projection-Cone,1.0400195121765137,2025-02-14 16:04:21.820426
Iter 59,Redund Rays,0.005338430404663086,2025-02-14 16:04:21.826851
Iter 59,Build projected Cone,0.15090537071228027,2025-02-14 16:04:21.978885
Iter 59,Redund projected Cone,0.9534482955932617,2025-02-14 16:04:22.933101
Iter 60,Setup Elimination-Matrix,0.0022497177124023438,2025-02-14 16:04:22.938499
Iter 60,Redund Projection-Cone,1.0709466934204102,2025-02-14 16:04:24.010108
Iter 60,Enumeration Projection-Cone,1.0466234683990479,2025-02-14 16:04:25.057846
Iter 60,Redund Rays,0.0068738460540771484,2025-02-14 16:04:25.065779
Iter 60,Build projected Cone,0.19474148750305176,2025-02-14 16:04:25.261635
Iter 60,Redund projected Cone,1.0279204845428467,2025-02-14 16:04:26.290289
Iter 61,Setup Elimination-Matrix,0.0021691322326660156,2025-02-14 16:04:26.295420
Iter 61,Redund Projection-Cone,0.9791693687438965,2025-02-14 16:04:27.275260
Iter 61,Enumeration Projection-Cone,0.9842300415039062,2025-02-14 16:04:28.260576
Iter 61,Redund Rays,0.005542278289794922,2025-02-14 16:04:28.267152
Iter 61,Build projected Cone,0.14226531982421875,2025-02-14 16:04:28.410508
Iter 61,Redund projected Cone,0.9866366386413574,2025-02-14 16:04:29.397880
Iter 62,Setup Elimination-Matrix,0.0022115707397460938,2025-02-14 16:04:29.402977
Iter 62,Redund Projection-Cone,0.9558265209197998,2025-02-14 16:04:30.359436
Iter 62,Enumeration Projection-Cone,1.033682107925415,2025-02-14 16:04:31.394201
Iter 62,Redund Rays,0.005782365798950195,2025-02-14 16:04:31.401159
Iter 62,Build projected Cone,0.14398980140686035,2025-02-14 16:04:31.546293
Iter 62,Redund projected Cone,1.0291283130645752,2025-02-14 16:04:32.576169
Iter 63,Setup Elimination-Matrix,0.0021865367889404297,2025-02-14 16:04:32.581208
Iter 63,Redund Projection-Cone,1.1028399467468262,2025-02-14 16:04:33.684657
Iter 63,Enumeration Projection-Cone,0.9774186611175537,2025-02-14 16:04:34.663146
Iter 63,Redund Rays,0.012229442596435547,2025-02-14 16:04:34.676510
Iter 63,Build projected Cone,0.33354878425598145,2025-02-14 16:04:35.011317
Iter 63,Redund projected Cone,1.204176425933838,2025-02-14 16:04:36.216394
Iter 64,Setup Elimination-Matrix,0.002040386199951172,2025-02-14 16:04:36.221361
Iter 64,Redund Projection-Cone,1.0200281143188477,2025-02-14 16:04:37.242022
Iter 64,Enumeration Projection-Cone,0.9987800121307373,2025-02-14 16:04:38.241711
Iter 64,Redund Rays,0.010474205017089844,2025-02-14 16:04:38.253301
Iter 64,Build projected Cone,0.27133607864379883,2025-02-14 16:04:38.525815
Iter 64,Redund projected Cone,1.292872667312622,2025-02-14 16:04:39.819504
Iter 65,Setup Elimination-Matrix,0.0022606849670410156,2025-02-14 16:04:39.824493
Iter 65,Redund Projection-Cone,1.0749709606170654,2025-02-14 16:04:40.900106
Iter 65,Enumeration Projection-Cone,0.9614520072937012,2025-02-14 16:04:41.862544
Iter 65,Redund Rays,0.004728555679321289,2025-02-14 16:04:41.868210
Iter 65,Build projected Cone,0.10593819618225098,2025-02-14 16:04:41.975384
Iter 65,Redund projected Cone,1.1685693264007568,2025-02-14 16:04:43.144685
Iter 66,Setup Elimination-Matrix,0.0020089149475097656,2025-02-14 16:04:43.149146
Iter 66,Redund Projection-Cone,1.0709245204925537,2025-02-14 16:04:44.220654
Iter 66,Enumeration Projection-Cone,1.0027849674224854,2025-02-14 16:04:45.224496
Iter 66,Redund Rays,0.0047681331634521484,2025-02-14 16:04:45.230097
Iter 66,Build projected Cone,0.10935544967651367,2025-02-14 16:04:45.340809
Iter 66,Redund projected Cone,1.0112345218658447,2025-02-14 16:04:46.352723
Iter 67,Setup Elimination-Matrix,0.002062082290649414,2025-02-14 16:04:46.357091
Iter 67,Redund Projection-Cone,0.9544253349304199,2025-02-14 16:04:47.312211
Iter 67,Enumeration Projection-Cone,0.9728803634643555,2025-02-14 16:04:48.286120
Iter 67,Redund Rays,0.007861852645874023,2025-02-14 16:04:48.294988
Iter 67,Build projected Cone,0.18076682090759277,2025-02-14 16:04:48.476945
Iter 67,Redund projected Cone,1.062624454498291,2025-02-14 16:04:49.540493
Iter 68,Setup Elimination-Matrix,0.0023293495178222656,2025-02-14 16:04:49.545586
Iter 68,Redund Projection-Cone,0.9842054843902588,2025-02-14 16:04:50.530579
Iter 68,Enumeration Projection-Cone,0.9721841812133789,2025-02-14 16:04:51.503804
Iter 68,Redund Rays,0.011146068572998047,2025-02-14 16:04:51.515897
Iter 68,Build projected Cone,0.26461005210876465,2025-02-14 16:04:51.781900
Iter 68,Redund projected Cone,1.1669175624847412,2025-02-14 16:04:52.949609
Iter 69,Setup Elimination-Matrix,0.0019943714141845703,2025-02-14 16:04:52.954391
Iter 69,Redund Projection-Cone,0.9779617786407471,2025-02-14 16:04:53.933009
Iter 69,Enumeration Projection-Cone,0.9750854969024658,2025-02-14 16:04:54.908955
Iter 69,Redund Rays,0.00485992431640625,2025-02-14 16:04:54.914743
Iter 69,Build projected Cone,0.09119939804077148,2025-02-14 16:04:55.007168
Iter 69,Redund projected Cone,1.0766971111297607,2025-02-14 16:04:56.084657
Iter 70,Setup Elimination-Matrix,0.001878499984741211,2025-02-14 16:04:56.088443
Iter 70,Redund Projection-Cone,1.000943899154663,2025-02-14 16:04:57.090032
Iter 70,Enumeration Projection-Cone,0.9864814281463623,2025-02-14 16:04:58.077498
Iter 70,Redund Rays,0.005410432815551758,2025-02-14 16:04:58.083907
Iter 70,Build projected Cone,0.10641145706176758,2025-02-14 16:04:58.192779
Iter 70,Redund projected Cone,0.9787664413452148,2025-02-14 16:04:59.172439
Iter 70,Enumerate projected Cone,1.4191210269927979,2025-02-14 16:05:00.592654
Iter 70,Redund proCEMs,2.977125406265259,2025-02-14 16:05:03.570857
Iter 70,Postprocessing proCEMs,0.5946681499481201,2025-02-14 16:05:04.166896
End,End,1739545504.16776,2025-02-14 16:05:04.167792
