Start,Start,0,2025-02-14 15:55:07.563579
Initial Setup,Initial Setup,1.330660343170166,2025-02-14 15:55:08.894950
Iter 0,Setup Elimination-Matrix,4.645864725112915,2025-02-14 15:55:13.556461
Iter 0,Redund Projection-Cone,0.7361531257629395,2025-02-14 15:55:14.293522
Iter 0,Enumeration Projection-Cone,0.6998114585876465,2025-02-14 15:55:14.994401
Iter 0,Redund Rays,0.13809752464294434,2025-02-14 15:55:15.133634
Iter 0,Build projected Cone,5.081228971481323,2025-02-14 15:55:20.216471
Iter 0,Redund projected Cone,1.1965374946594238,2025-02-14 15:55:21.414168
Iter 1,Setup Elimination-Matrix,0.010646820068359375,2025-02-14 15:55:21.446059
Iter 1,Redund Projection-Cone,0.7602272033691406,2025-02-14 15:55:22.206875
Iter 1,Enumeration Projection-Cone,0.7268459796905518,2025-02-14 15:55:22.934610
Iter 1,Redund Rays,0.053313493728637695,2025-02-14 15:55:22.988843
Iter 1,Build projected Cone,4.75290846824646,2025-02-14 15:55:27.742877
Iter 1,Redund projected Cone,1.1898515224456787,2025-02-14 15:55:28.933831
Iter 2,Setup Elimination-Matrix,0.010058403015136719,2025-02-14 15:55:28.963352
Iter 2,Redund Projection-Cone,0.7467257976531982,2025-02-14 15:55:29.710669
Iter 2,Enumeration Projection-Cone,0.738525390625,2025-02-14 15:55:30.450198
Iter 2,Redund Rays,0.05037879943847656,2025-02-14 15:55:30.501630
Iter 2,Build projected Cone,4.472091913223267,2025-02-14 15:55:34.974809
Iter 2,Redund projected Cone,1.073781967163086,2025-02-14 15:55:36.049527
Iter 3,Setup Elimination-Matrix,0.009759902954101562,2025-02-14 15:55:36.078585
Iter 3,Redund Projection-Cone,0.7441906929016113,2025-02-14 15:55:36.823434
Iter 3,Enumeration Projection-Cone,0.6964550018310547,2025-02-14 15:55:37.520953
Iter 3,Redund Rays,0.12365245819091797,2025-02-14 15:55:37.645529
Iter 3,Build projected Cone,4.110257863998413,2025-02-14 15:55:41.757225
Iter 3,Redund projected Cone,1.0837125778198242,2025-02-14 15:55:42.842260
Iter 4,Setup Elimination-Matrix,0.009439468383789062,2025-02-14 15:55:42.869624
Iter 4,Redund Projection-Cone,0.7587771415710449,2025-02-14 15:55:43.629058
Iter 4,Enumeration Projection-Cone,0.7368505001068115,2025-02-14 15:55:44.366970
Iter 4,Redund Rays,0.047348737716674805,2025-02-14 15:55:44.415525
Iter 4,Build projected Cone,3.9118740558624268,2025-02-14 15:55:48.328615
Iter 4,Redund projected Cone,1.132981538772583,2025-02-14 15:55:49.462786
Iter 5,Setup Elimination-Matrix,0.009195327758789062,2025-02-14 15:55:49.488861
Iter 5,Redund Projection-Cone,0.7062563896179199,2025-02-14 15:55:50.195775
Iter 5,Enumeration Projection-Cone,0.6711969375610352,2025-02-14 15:55:50.867892
Iter 5,Redund Rays,0.04451441764831543,2025-02-14 15:55:50.913310
Iter 5,Build projected Cone,3.536807060241699,2025-02-14 15:55:54.451463
Iter 5,Redund projected Cone,0.9554293155670166,2025-02-14 15:55:55.407898
Iter 6,Setup Elimination-Matrix,0.008770942687988281,2025-02-14 15:55:55.433461
Iter 6,Redund Projection-Cone,0.695500373840332,2025-02-14 15:55:56.129636
Iter 6,Enumeration Projection-Cone,0.7100796699523926,2025-02-14 15:55:56.840707
Iter 6,Redund Rays,0.12035989761352539,2025-02-14 15:55:56.962018
Iter 6,Build projected Cone,3.3134350776672363,2025-02-14 15:56:00.276887
Iter 6,Redund projected Cone,0.890861988067627,2025-02-14 15:56:01.168860
Iter 7,Setup Elimination-Matrix,0.008364677429199219,2025-02-14 15:56:01.193443
Iter 7,Redund Projection-Cone,0.7119901180267334,2025-02-14 15:56:01.906141
Iter 7,Enumeration Projection-Cone,0.7196817398071289,2025-02-14 15:56:02.627063
Iter 7,Redund Rays,0.04283595085144043,2025-02-14 15:56:02.670995
Iter 7,Build projected Cone,3.2473912239074707,2025-02-14 15:56:05.919672
Iter 7,Redund projected Cone,1.0338120460510254,2025-02-14 15:56:06.954561
Iter 8,Setup Elimination-Matrix,0.007791042327880859,2025-02-14 15:56:06.978135
Iter 8,Redund Projection-Cone,0.6755244731903076,2025-02-14 15:56:07.654300
Iter 8,Enumeration Projection-Cone,0.7061202526092529,2025-02-14 15:56:08.361394
Iter 8,Redund Rays,0.11580848693847656,2025-02-14 15:56:08.478262
Iter 8,Build projected Cone,2.8994734287261963,2025-02-14 15:56:11.379188
Iter 8,Redund projected Cone,0.8081083297729492,2025-02-14 15:56:12.188390
Iter 9,Setup Elimination-Matrix,0.007424354553222656,2025-02-14 15:56:12.210579
Iter 9,Redund Projection-Cone,0.7073562145233154,2025-02-14 15:56:12.918804
Iter 9,Enumeration Projection-Cone,0.7267107963562012,2025-02-14 15:56:13.646357
Iter 9,Redund Rays,0.035344839096069336,2025-02-14 15:56:13.684434
Iter 9,Build projected Cone,2.49442458152771,2025-02-14 15:56:16.180126
Iter 9,Redund projected Cone,0.8450455665588379,2025-02-14 15:56:17.026171
Iter 10,Setup Elimination-Matrix,0.007131814956665039,2025-02-14 15:56:17.046778
Iter 10,Redund Projection-Cone,0.6848022937774658,2025-02-14 15:56:17.732184
Iter 10,Enumeration Projection-Cone,0.7108602523803711,2025-02-14 15:56:18.444079
Iter 10,Redund Rays,0.11531591415405273,2025-02-14 15:56:18.560441
Iter 10,Build projected Cone,2.5372514724731445,2025-02-14 15:56:21.099181
Iter 10,Redund projected Cone,0.9696061611175537,2025-02-14 15:56:22.069873
Iter 11,Setup Elimination-Matrix,0.006920337677001953,2025-02-14 15:56:22.089614
Iter 11,Redund Projection-Cone,0.7186357975006104,2025-02-14 15:56:22.808863
Iter 11,Enumeration Projection-Cone,0.6694579124450684,2025-02-14 15:56:23.479461
Iter 11,Redund Rays,0.039548635482788086,2025-02-14 15:56:23.519917
Iter 11,Build projected Cone,2.6356351375579834,2025-02-14 15:56:26.156680
Iter 11,Redund projected Cone,1.2519006729125977,2025-02-14 15:56:27.409602
Iter 12,Setup Elimination-Matrix,0.006325483322143555,2025-02-14 15:56:27.428043
Iter 12,Redund Projection-Cone,0.7436847686767578,2025-02-14 15:56:28.172420
Iter 12,Enumeration Projection-Cone,0.7203028202056885,2025-02-14 15:56:28.893814
Iter 12,Redund Rays,0.04224824905395508,2025-02-14 15:56:28.937077
Iter 12,Build projected Cone,2.834829092025757,2025-02-14 15:56:31.773154
Iter 12,Redund projected Cone,0.9862334728240967,2025-02-14 15:56:32.760512
Iter 13,Setup Elimination-Matrix,0.006119489669799805,2025-02-14 15:56:32.778041
Iter 13,Redund Projection-Cone,0.7240424156188965,2025-02-14 15:56:33.502690
Iter 13,Enumeration Projection-Cone,0.6594946384429932,2025-02-14 15:56:34.163067
Iter 13,Redund Rays,0.031216859817504883,2025-02-14 15:56:34.195200
Iter 13,Build projected Cone,1.952561378479004,2025-02-14 15:56:36.148922
Iter 13,Redund projected Cone,0.9524168968200684,2025-02-14 15:56:37.102334
Iter 14,Setup Elimination-Matrix,0.005793571472167969,2025-02-14 15:56:37.119147
Iter 14,Redund Projection-Cone,0.6872570514678955,2025-02-14 15:56:37.807046
Iter 14,Enumeration Projection-Cone,0.6615016460418701,2025-02-14 15:56:38.469520
Iter 14,Redund Rays,0.026349544525146484,2025-02-14 15:56:38.496930
Iter 14,Build projected Cone,1.5969460010528564,2025-02-14 15:56:40.095099
Iter 14,Redund projected Cone,0.8130440711975098,2025-02-14 15:56:40.909179
Iter 15,Setup Elimination-Matrix,0.005643129348754883,2025-02-14 15:56:40.925104
Iter 15,Redund Projection-Cone,0.6765928268432617,2025-02-14 15:56:41.602368
Iter 15,Enumeration Projection-Cone,0.6926796436309814,2025-02-14 15:56:42.296250
Iter 15,Redund Rays,0.10891509056091309,2025-02-14 15:56:42.406119
Iter 15,Build projected Cone,2.0170235633850098,2025-02-14 15:56:44.424682
Iter 15,Redund projected Cone,0.951899528503418,2025-02-14 15:56:45.377592
Iter 16,Setup Elimination-Matrix,0.005200862884521484,2025-02-14 15:56:45.392784
Iter 16,Redund Projection-Cone,0.7133724689483643,2025-02-14 15:56:46.106795
Iter 16,Enumeration Projection-Cone,0.7147462368011475,2025-02-14 15:56:46.822540
Iter 16,Redund Rays,0.02763843536376953,2025-02-14 15:56:46.851191
Iter 16,Build projected Cone,1.5580859184265137,2025-02-14 15:56:48.410330
Iter 16,Redund projected Cone,0.9555084705352783,2025-02-14 15:56:49.366662
Iter 17,Setup Elimination-Matrix,0.004721164703369141,2025-02-14 15:56:49.379975
Iter 17,Redund Projection-Cone,0.699883222579956,2025-02-14 15:56:50.080550
Iter 17,Enumeration Projection-Cone,0.7047765254974365,2025-02-14 15:56:50.786358
Iter 17,Redund Rays,0.02272176742553711,2025-02-14 15:56:50.810191
Iter 17,Build projected Cone,1.2777671813964844,2025-02-14 15:56:52.089172
Iter 17,Redund projected Cone,0.8042569160461426,2025-02-14 15:56:52.894415
Iter 18,Setup Elimination-Matrix,0.004622697830200195,2025-02-14 15:56:52.906493
Iter 18,Redund Projection-Cone,0.6739704608917236,2025-02-14 15:56:53.581014
Iter 18,Enumeration Projection-Cone,0.6514215469360352,2025-02-14 15:56:54.233401
Iter 18,Redund Rays,0.09365677833557129,2025-02-14 15:56:54.328229
Iter 18,Build projected Cone,0.9866688251495361,2025-02-14 15:56:55.316342
Iter 18,Redund projected Cone,0.7958705425262451,2025-02-14 15:56:56.113049
Iter 19,Setup Elimination-Matrix,0.004523038864135742,2025-02-14 15:56:56.125449
Iter 19,Redund Projection-Cone,0.701291561126709,2025-02-14 15:56:56.827334
Iter 19,Enumeration Projection-Cone,0.6539437770843506,2025-02-14 15:56:57.482277
Iter 19,Redund Rays,0.01922011375427246,2025-02-14 15:56:57.502491
Iter 19,Build projected Cone,0.9397742748260498,2025-02-14 15:56:58.443367
Iter 19,Redund projected Cone,0.7691309452056885,2025-02-14 15:56:59.213306
Iter 20,Setup Elimination-Matrix,0.0039751529693603516,2025-02-14 15:56:59.223986
Iter 20,Redund Projection-Cone,0.6510236263275146,2025-02-14 15:56:59.875552
Iter 20,Enumeration Projection-Cone,0.6522111892700195,2025-02-14 15:57:00.528727
Iter 20,Redund Rays,0.015700578689575195,2025-02-14 15:57:00.545451
Iter 20,Build projected Cone,0.7452349662780762,2025-02-14 15:57:01.291939
Iter 20,Redund projected Cone,0.717348575592041,2025-02-14 15:57:02.010075
Iter 21,Setup Elimination-Matrix,0.0039598941802978516,2025-02-14 15:57:02.020400
Iter 21,Redund Projection-Cone,0.6888792514801025,2025-02-14 15:57:02.710009
Iter 21,Enumeration Projection-Cone,0.693915843963623,2025-02-14 15:57:03.404888
Iter 21,Redund Rays,0.030313491821289062,2025-02-14 15:57:03.436194
Iter 21,Build projected Cone,1.4550056457519531,2025-02-14 15:57:04.892353
Iter 21,Redund projected Cone,1.1631295680999756,2025-02-14 15:57:06.056682
Iter 22,Setup Elimination-Matrix,0.0035943984985351562,2025-02-14 15:57:06.066804
Iter 22,Redund Projection-Cone,0.6546328067779541,2025-02-14 15:57:06.722121
Iter 22,Enumeration Projection-Cone,0.6801271438598633,2025-02-14 15:57:07.403269
Iter 22,Redund Rays,0.10734272003173828,2025-02-14 15:57:07.511669
Iter 22,Build projected Cone,1.3570818901062012,2025-02-14 15:57:08.870058
Iter 22,Redund projected Cone,1.0700891017913818,2025-02-14 15:57:09.941254
Iter 23,Setup Elimination-Matrix,0.0033812522888183594,2025-02-14 15:57:09.950290
Iter 23,Redund Projection-Cone,0.7228386402130127,2025-02-14 15:57:10.673770
Iter 23,Enumeration Projection-Cone,0.7075159549713135,2025-02-14 15:57:11.382398
Iter 23,Redund Rays,0.015116453170776367,2025-02-14 15:57:11.398562
Iter 23,Build projected Cone,0.6500070095062256,2025-02-14 15:57:12.049796
Iter 23,Redund projected Cone,0.8344638347625732,2025-02-14 15:57:12.885060
Iter 24,Setup Elimination-Matrix,0.0034608840942382812,2025-02-14 15:57:12.893343
Iter 24,Redund Projection-Cone,0.682459831237793,2025-02-14 15:57:13.576469
Iter 24,Enumeration Projection-Cone,0.6998026371002197,2025-02-14 15:57:14.277315
Iter 24,Redund Rays,0.020730972290039062,2025-02-14 15:57:14.299098
Iter 24,Build projected Cone,0.8544254302978516,2025-02-14 15:57:15.154674
Iter 24,Redund projected Cone,1.0352213382720947,2025-02-14 15:57:16.190857
Iter 25,Setup Elimination-Matrix,0.0029876232147216797,2025-02-14 15:57:16.198618
Iter 25,Redund Projection-Cone,0.7084870338439941,2025-02-14 15:57:16.907894
Iter 25,Enumeration Projection-Cone,0.6578030586242676,2025-02-14 15:57:17.566675
Iter 25,Redund Rays,0.01006460189819336,2025-02-14 15:57:17.577699
Iter 25,Build projected Cone,0.38249683380126953,2025-02-14 15:57:17.961438
Iter 25,Redund projected Cone,0.7387609481811523,2025-02-14 15:57:18.701006
Iter 26,Setup Elimination-Matrix,0.002928495407104492,2025-02-14 15:57:18.707906
Iter 26,Redund Projection-Cone,0.6641802787780762,2025-02-14 15:57:19.372739
Iter 26,Enumeration Projection-Cone,0.678642988204956,2025-02-14 15:57:20.052535
Iter 26,Redund Rays,0.13970136642456055,2025-02-14 15:57:20.193319
Iter 26,Build projected Cone,2.364893913269043,2025-02-14 15:57:22.559609
Iter 26,Redund projected Cone,3.593486785888672,2025-02-14 15:57:26.154113
Iter 27,Setup Elimination-Matrix,0.0026426315307617188,2025-02-14 15:57:26.161872
Iter 27,Redund Projection-Cone,0.706209659576416,2025-02-14 15:57:26.868780
Iter 27,Enumeration Projection-Cone,0.7241613864898682,2025-02-14 15:57:27.593982
Iter 27,Redund Rays,0.06270813941955566,2025-02-14 15:57:27.657593
Iter 27,Build projected Cone,2.333449602127075,2025-02-14 15:57:29.992233
Iter 27,Redund projected Cone,10.61181378364563,2025-02-14 15:57:40.605120
Iter 28,Setup Elimination-Matrix,0.002460479736328125,2025-02-14 15:57:40.612628
Iter 28,Redund Projection-Cone,0.6538913249969482,2025-02-14 15:57:41.267182
Iter 28,Enumeration Projection-Cone,0.6449289321899414,2025-02-14 15:57:41.913106
Iter 28,Redund Rays,0.006075382232666016,2025-02-14 15:57:41.920195
Iter 28,Build projected Cone,0.18377399444580078,2025-02-14 15:57:42.105305
Iter 28,Redund projected Cone,0.6932446956634521,2025-02-14 15:57:42.799503
Iter 29,Setup Elimination-Matrix,0.002366304397583008,2025-02-14 15:57:42.805266
Iter 29,Redund Projection-Cone,0.6616790294647217,2025-02-14 15:57:43.467606
Iter 29,Enumeration Projection-Cone,0.6476261615753174,2025-02-14 15:57:44.116279
Iter 29,Redund Rays,0.0960378646850586,2025-02-14 15:57:44.213367
Iter 29,Build projected Cone,0.6171770095825195,2025-02-14 15:57:44.831898
Iter 29,Redund projected Cone,2.239431142807007,2025-02-14 15:57:47.072150
Iter 30,Setup Elimination-Matrix,0.002226591110229492,2025-02-14 15:57:47.077864
Iter 30,Redund Projection-Cone,0.6667048931121826,2025-02-14 15:57:47.745163
Iter 30,Enumeration Projection-Cone,0.685546875,2025-02-14 15:57:48.431698
Iter 30,Redund Rays,0.011148452758789062,2025-02-14 15:57:48.443814
Iter 30,Build projected Cone,0.31987571716308594,2025-02-14 15:57:48.764764
Iter 30,Redund projected Cone,0.8615474700927734,2025-02-14 15:57:49.627158
Iter 31,Setup Elimination-Matrix,0.002137899398803711,2025-02-14 15:57:49.632225
Iter 31,Redund Projection-Cone,0.6800723075866699,2025-02-14 15:57:50.313017
Iter 31,Enumeration Projection-Cone,0.6788346767425537,2025-02-14 15:57:50.992714
Iter 31,Redund Rays,0.0066335201263427734,2025-02-14 15:57:51.000341
Iter 31,Build projected Cone,0.17057323455810547,2025-02-14 15:57:51.172207
Iter 31,Redund projected Cone,0.7149500846862793,2025-02-14 15:57:51.888018
Iter 32,Setup Elimination-Matrix,0.002338409423828125,2025-02-14 15:57:51.892900
Iter 32,Redund Projection-Cone,0.649078369140625,2025-02-14 15:57:52.542666
Iter 32,Enumeration Projection-Cone,0.6836674213409424,2025-02-14 15:57:53.227282
Iter 32,Redund Rays,0.007283687591552734,2025-02-14 15:57:53.235499
Iter 32,Build projected Cone,0.1807079315185547,2025-02-14 15:57:53.417285
Iter 32,Redund projected Cone,0.6928691864013672,2025-02-14 15:57:54.111051
Iter 33,Setup Elimination-Matrix,0.002061128616333008,2025-02-14 15:57:54.115393
Iter 33,Redund Projection-Cone,0.6676547527313232,2025-02-14 15:57:54.783706
Iter 33,Enumeration Projection-Cone,0.6897757053375244,2025-02-14 15:57:55.474418
Iter 33,Redund Rays,0.016546964645385742,2025-02-14 15:57:55.491873
Iter 33,Build projected Cone,0.4235548973083496,2025-02-14 15:57:55.916738
Iter 33,Redund projected Cone,2.88154673576355,2025-02-14 15:57:58.799166
Iter 34,Setup Elimination-Matrix,0.0019445419311523438,2025-02-14 15:57:58.803738
Iter 34,Redund Projection-Cone,0.7019369602203369,2025-02-14 15:57:59.506310
Iter 34,Enumeration Projection-Cone,0.6534671783447266,2025-02-14 15:58:00.160725
Iter 34,Redund Rays,0.009441375732421875,2025-02-14 15:58:00.171278
Iter 34,Build projected Cone,0.20463109016418457,2025-02-14 15:58:00.377127
Iter 34,Redund projected Cone,1.110915184020996,2025-02-14 15:58:01.488758
Iter 35,Setup Elimination-Matrix,0.0018575191497802734,2025-02-14 15:58:01.492688
Iter 35,Redund Projection-Cone,0.6642229557037354,2025-02-14 15:58:02.157528
Iter 35,Enumeration Projection-Cone,0.6185793876647949,2025-02-14 15:58:02.777102
Iter 35,Redund Rays,0.01541447639465332,2025-02-14 15:58:02.793450
Iter 35,Build projected Cone,0.32912707328796387,2025-02-14 15:58:03.123784
Iter 35,Redund projected Cone,2.3638803958892822,2025-02-14 15:58:05.488626
Iter 35,Enumerate projected Cone,4.858705043792725,2025-02-14 15:58:10.348291
Iter 35,Redund proCEMs,3.5003488063812256,2025-02-14 15:58:13.849664
Iter 35,Postprocessing proCEMs,0.27067995071411133,2025-02-14 15:58:14.121812
End,End,1739545094.122648,2025-02-14 15:58:14.122677
